Media,Date,Tweet Text,Compound,Positive,Negative,Neutral,Tweets Ago
BBCWorld,Tue Aug 14 16:12:59 +0000 2018,"Footage shows moment of Genoa bridge collapse. At least 35 people have been killed in the disaster, emergency servi‚Ä¶ https://t.co/mNEYpD7EfX",-0.9371,0.0,0.474,0.526,100
BBCWorld,Tue Aug 14 15:53:02 +0000 2018,"RT @BBCSport: Great news üëè

Ronaldo has been discharged from hospital after suffering with pneumonia üëâ https://t.co/PF4Ygziw1M https://t.co‚Ä¶",0.25,0.193,0.146,0.66,99
BBCWorld,Tue Aug 14 15:18:55 +0000 2018,RT @BBCSport: Fernando Alonso has announced his retirement from Formula 1 https://t.co/FmEtHgLcBL https://t.co/S9gfAo3KS8,0.0,0.0,0.0,1.0,98
BBCWorld,Tue Aug 14 15:02:41 +0000 2018,RT @BBCNews: Madonna's London Mini for sale ‚Äî on Auto Trader https://t.co/9bZJo9l46R,0.0,0.0,0.0,1.0,97
BBCWorld,Tue Aug 14 14:30:28 +0000 2018,"RT @BBCNews: Rooftop camera captures moment car crashes into barrier outside Parliament in Westminster

Follow the latest updates: https://‚Ä¶",-0.128,0.0,0.077,0.923,96
BBCWorld,Tue Aug 14 14:02:39 +0000 2018,"Motorway bridge collapses near Genoa, sending vehicles plummeting 90m to the ground and killing at least 22 people,‚Ä¶ https://t.co/UsqLqw9Wya",-0.765,0.0,0.28,0.72,95
BBCWorld,Tue Aug 14 13:59:03 +0000 2018,"Dozens of cars set alight in Sweden, in what police say may be co-ordinated criminal action https://t.co/gakm1awyTu",-0.5267,0.0,0.175,0.825,94
BBCWorld,Tue Aug 14 13:45:13 +0000 2018,"Google records users' locations ‚Äî even when they've asked it not to, report suggests https://t.co/WO1vjcpZ8f",0.0,0.0,0.0,1.0,93
BBCWorld,Tue Aug 14 13:34:30 +0000 2018,"RT @BBCBreaking: At least 22 people killed after collapse of motorway bridge in Genoa, Italian minister says

Latest: https://t.co/hesyowfk‚Ä¶",-0.8271,0.0,0.312,0.688,92
BBCWorld,Tue Aug 14 13:16:22 +0000 2018,"20,000 to 30,000 Islamic State group militants remain in Syria &amp; Iraq, UN report says https://t.co/Bv3wStmxqF",0.0,0.0,0.0,1.0,91
BBCWorld,Tue Aug 14 12:42:57 +0000 2018,"Turkey will boycott US electronic goods such as the iPhone, President Erdogan says https://t.co/uZK0kyf3Kv",-0.3182,0.0,0.15,0.85,90
BBCWorld,Tue Aug 14 12:23:21 +0000 2018,"RT @BBCNews: ""These animals are crazy"": Donald Trump responds to ""terror attack"" in Westminster 

Latest updates: https://t.co/xWBuCo3CEC h‚Ä¶",-0.7579,0.0,0.289,0.711,89
BBCWorld,Tue Aug 14 11:38:48 +0000 2018,"RT @BBCBreaking: Genoa motorway bridge collapse likely to be ""immense tragedy"", Italian transport minister says, with unconfirmed reports o‚Ä¶",-0.5719,0.0,0.217,0.783,88
BBCWorld,Tue Aug 14 11:22:34 +0000 2018,"RT @BBCSport: This is a game-changer.

Facebook have signed a huge rights deal with La Liga.

üëâ https://t.co/dtNhGnsa3P https://t.co/2KgDwL‚Ä¶",0.3182,0.133,0.0,0.867,87
BBCWorld,Tue Aug 14 10:58:59 +0000 2018,"RT @BBCBreaking: #Westminster car attack: No other suspects identified and ""no intelligence at this time"" of further danger to Londoners, p‚Ä¶",-0.8481,0.099,0.424,0.478,86
BBCWorld,Tue Aug 14 10:47:41 +0000 2018,"India's patent office rejects a vibrator, saying sex toys violate ""public order and morality"" https://t.co/GdPom28Ymy",-0.7506,0.0,0.348,0.652,85
BBCWorld,Tue Aug 14 10:24:06 +0000 2018,Motorway bridge collapses in Italy https://t.co/ezYpAMBWjO,-0.296,0.0,0.306,0.694,84
BBCWorld,Tue Aug 14 10:11:34 +0000 2018,"RT @BBCBreaking: Rooftop camera shows moment car crashes into barriers outside Parliament

https://t.co/CprbiGZgrg #Westminster https://t.c‚Ä¶",0.0,0.0,0.0,1.0,83
BBCWorld,Tue Aug 14 09:50:30 +0000 2018,Palm oil: A new threat to Africa's monkeys and apes? https://t.co/o92XAGrAdI,-0.5267,0.0,0.274,0.726,82
BBCWorld,Tue Aug 14 09:37:26 +0000 2018,"RT @BBCBreaking: #Westminster car crash is being treated as terror attack, London police say

https://t.co/CprbiGZgrg",-0.8481,0.0,0.434,0.566,81
BBCWorld,Tue Aug 14 16:12:59 +0000 2018,"Footage shows moment of Genoa bridge collapse. At least 35 people have been killed in the disaster, emergency servi‚Ä¶ https://t.co/mNEYpD7EfX",-0.9371,0.0,0.474,0.526,80
BBCWorld,Tue Aug 14 15:53:02 +0000 2018,"RT @BBCSport: Great news üëè

Ronaldo has been discharged from hospital after suffering with pneumonia üëâ https://t.co/PF4Ygziw1M https://t.co‚Ä¶",0.25,0.193,0.146,0.66,79
BBCWorld,Tue Aug 14 15:18:55 +0000 2018,RT @BBCSport: Fernando Alonso has announced his retirement from Formula 1 https://t.co/FmEtHgLcBL https://t.co/S9gfAo3KS8,0.0,0.0,0.0,1.0,78
BBCWorld,Tue Aug 14 15:02:41 +0000 2018,RT @BBCNews: Madonna's London Mini for sale ‚Äî on Auto Trader https://t.co/9bZJo9l46R,0.0,0.0,0.0,1.0,77
BBCWorld,Tue Aug 14 14:30:28 +0000 2018,"RT @BBCNews: Rooftop camera captures moment car crashes into barrier outside Parliament in Westminster

Follow the latest updates: https://‚Ä¶",-0.128,0.0,0.077,0.923,76
BBCWorld,Tue Aug 14 14:02:39 +0000 2018,"Motorway bridge collapses near Genoa, sending vehicles plummeting 90m to the ground and killing at least 22 people,‚Ä¶ https://t.co/UsqLqw9Wya",-0.765,0.0,0.28,0.72,75
BBCWorld,Tue Aug 14 13:59:03 +0000 2018,"Dozens of cars set alight in Sweden, in what police say may be co-ordinated criminal action https://t.co/gakm1awyTu",-0.5267,0.0,0.175,0.825,74
BBCWorld,Tue Aug 14 13:45:13 +0000 2018,"Google records users' locations ‚Äî even when they've asked it not to, report suggests https://t.co/WO1vjcpZ8f",0.0,0.0,0.0,1.0,73
BBCWorld,Tue Aug 14 13:34:30 +0000 2018,"RT @BBCBreaking: At least 22 people killed after collapse of motorway bridge in Genoa, Italian minister says

Latest: https://t.co/hesyowfk‚Ä¶",-0.8271,0.0,0.312,0.688,72
BBCWorld,Tue Aug 14 13:16:22 +0000 2018,"20,000 to 30,000 Islamic State group militants remain in Syria &amp; Iraq, UN report says https://t.co/Bv3wStmxqF",0.0,0.0,0.0,1.0,71
BBCWorld,Tue Aug 14 12:42:57 +0000 2018,"Turkey will boycott US electronic goods such as the iPhone, President Erdogan says https://t.co/uZK0kyf3Kv",-0.3182,0.0,0.15,0.85,70
BBCWorld,Tue Aug 14 12:23:21 +0000 2018,"RT @BBCNews: ""These animals are crazy"": Donald Trump responds to ""terror attack"" in Westminster 

Latest updates: https://t.co/xWBuCo3CEC h‚Ä¶",-0.7579,0.0,0.289,0.711,69
BBCWorld,Tue Aug 14 11:38:48 +0000 2018,"RT @BBCBreaking: Genoa motorway bridge collapse likely to be ""immense tragedy"", Italian transport minister says, with unconfirmed reports o‚Ä¶",-0.5719,0.0,0.217,0.783,68
BBCWorld,Tue Aug 14 11:22:34 +0000 2018,"RT @BBCSport: This is a game-changer.

Facebook have signed a huge rights deal with La Liga.

üëâ https://t.co/dtNhGnsa3P https://t.co/2KgDwL‚Ä¶",0.3182,0.133,0.0,0.867,67
BBCWorld,Tue Aug 14 10:58:59 +0000 2018,"RT @BBCBreaking: #Westminster car attack: No other suspects identified and ""no intelligence at this time"" of further danger to Londoners, p‚Ä¶",-0.8481,0.099,0.424,0.478,66
BBCWorld,Tue Aug 14 10:47:41 +0000 2018,"India's patent office rejects a vibrator, saying sex toys violate ""public order and morality"" https://t.co/GdPom28Ymy",-0.7506,0.0,0.348,0.652,65
BBCWorld,Tue Aug 14 10:24:06 +0000 2018,Motorway bridge collapses in Italy https://t.co/ezYpAMBWjO,-0.296,0.0,0.306,0.694,64
BBCWorld,Tue Aug 14 10:11:34 +0000 2018,"RT @BBCBreaking: Rooftop camera shows moment car crashes into barriers outside Parliament

https://t.co/CprbiGZgrg #Westminster https://t.c‚Ä¶",0.0,0.0,0.0,1.0,63
BBCWorld,Tue Aug 14 09:50:30 +0000 2018,Palm oil: A new threat to Africa's monkeys and apes? https://t.co/o92XAGrAdI,-0.5267,0.0,0.274,0.726,62
BBCWorld,Tue Aug 14 09:37:26 +0000 2018,"RT @BBCBreaking: #Westminster car crash is being treated as terror attack, London police say

https://t.co/CprbiGZgrg",-0.8481,0.0,0.434,0.566,61
BBCWorld,Tue Aug 14 09:18:17 +0000 2018,Jack Whitehall faces backlash after being cast as Disney's first major gay character https://t.co/cA2h2F0Gvs,0.0,0.0,0.0,1.0,60
BBCWorld,Tue Aug 14 09:14:23 +0000 2018,"RT @marklowen: In Pres #Erdogan's latest bombastic response to #lira crisis, he announces #Turkey will boycott #US electronic products. ""Th‚Ä¶",-0.7506,0.0,0.262,0.738,59
BBCWorld,Tue Aug 14 08:51:45 +0000 2018,"Venezuela's president says its subsidised fuel prices should rise, to stop smugglers cheating the country https://t.co/72Y3xzFtZp",-0.802,0.0,0.387,0.613,58
BBCWorld,Tue Aug 14 08:47:04 +0000 2018,"""If I hadn't heard that radio message she wouldn't be alive today"" 

https://t.co/6T2XOrVw5f",-0.2924,0.0,0.166,0.834,57
BBCWorld,Tue Aug 14 08:27:49 +0000 2018,"RT @BBCBreaking: London #Westminster incident update:

- Man arrested after car crashes into barriers outside Parliament
- Number of pedest‚Ä¶",-0.4215,0.064,0.152,0.784,56
BBCWorld,Tue Aug 14 08:08:54 +0000 2018,"RT @BBCNews: Westminster in lockdown after car crashes into barriers outside parliament, leaving pedestrians injured

 https://t.co/tWhzm9w‚Ä¶",-0.4019,0.0,0.153,0.847,55
BBCWorld,Tue Aug 14 07:20:33 +0000 2018,"RT @BBCBreaking: A number of pedestrians have been injured after car crashed into security barriers outside Parliament, London police say h‚Ä¶",0.0,0.158,0.115,0.726,54
BBCWorld,Tue Aug 14 07:04:44 +0000 2018,RT @BBCBreaking: Man arrested after car crashes into security barriers outside Houses of Parliament https://t.co/TNPrEKUPHM,-0.1779,0.13,0.168,0.703,53
BBCWorld,Tue Aug 14 06:42:52 +0000 2018,"Boy whose remains were found in desert compound in New Mexico died during a ""ritual ceremony"", US prosecutors say https://t.co/imxQmscNWy",-0.5574,0.0,0.167,0.833,52
BBCWorld,Tue Aug 14 04:49:51 +0000 2018,"If you think there's something fishy about the salmon you're eating, that could be because it's not salmon.

New ru‚Ä¶ https://t.co/u49KSC0WfY",0.0,0.0,0.0,1.0,51
BBCWorld,Tue Aug 14 02:56:32 +0000 2018,RT @BBCNewsAsia: A lunchtime talk by a little-known Hong Kong political figure has drawn global attention to China's influence on free spee‚Ä¶,0.5106,0.148,0.0,0.852,50
BBCWorld,Tue Aug 14 02:43:13 +0000 2018,"Move over, Melbourne. 

Vienna is now the world's 'most liveable city' https://t.co/mO3koMGdr3",0.0,0.0,0.0,1.0,49
BBCWorld,Tue Aug 14 02:41:59 +0000 2018,Former Trump adviser Omarosa Manigault Newman has released what she says is a tape of a phone call from the US pres‚Ä¶ https://t.co/QOD489NW05,0.0,0.0,0.0,1.0,48
BBCWorld,Tue Aug 14 02:34:59 +0000 2018,RT @BBCMaryam: As Vienna is named the world‚Äôs most ‚Äòliveable city‚Äô we want to know what important thing makes a city liveable for you? Is i‚Ä¶,0.2732,0.119,0.0,0.881,47
BBCWorld,Mon Aug 13 22:31:07 +0000 2018,'Grannies' on a mission to the US-Mexico border https://t.co/jc7L4TV6yl,0.0,0.0,0.0,1.0,46
BBCWorld,Mon Aug 13 21:50:07 +0000 2018,"A ""wee"" problem for some Parisiens üò≥

https://t.co/2LAOC9dlH2",-0.4019,0.0,0.351,0.649,45
BBCWorld,Mon Aug 13 21:30:18 +0000 2018,Dinner at the Goodlatte home could be awkward for a while https://t.co/M0IDjcjLis,-0.1531,0.0,0.138,0.862,44
BBCWorld,Mon Aug 13 21:18:45 +0000 2018,RT @BBCBusiness: US toughens scrutiny of foreign deals https://t.co/WnukVsbR9G,-0.0516,0.0,0.13,0.87,43
BBCWorld,Mon Aug 13 21:04:48 +0000 2018,These rules are *not* made to be broken https://t.co/Z7txB3YDnn,-0.4767,0.0,0.279,0.721,42
BBCWorld,Mon Aug 13 20:42:11 +0000 2018,RT @BBCScienceNews: US mid-term elections: Truth-seeking scientists run for office https://t.co/IkKwnstJQw,0.0,0.0,0.0,1.0,41
BBCWorld,Mon Aug 13 20:24:09 +0000 2018,RT @BBCNorthAmerica: Florida gunman who killed man in parking row charged https://t.co/zsGXQ5VN7H,-0.743,0.0,0.387,0.613,40
BBCWorld,Mon Aug 13 20:06:53 +0000 2018,The Golden State Killer terrorised California in the 1970s and 1980s https://t.co/UucPmy2NhL,-0.8625,0.0,0.462,0.538,39
BBCWorld,Mon Aug 13 19:44:36 +0000 2018,"Count Louis de Causans says it's a matter of family honour to rectify the ""trickery""

https://t.co/alfHZFrOMy",0.5859,0.27,0.0,0.73,38
BBCWorld,Mon Aug 13 19:29:30 +0000 2018,"RT @BBCScienceNews: Jakarta, the fastest-sinking city in the world https://t.co/FvllGY7LEB",0.0,0.0,0.0,1.0,37
BBCWorld,Mon Aug 13 19:26:19 +0000 2018,"RT @BBCSport: What a player David Silva has been for Spain üôå

He announced his international retirement earlier today üëâ https://t.co/X3Vq9e‚Ä¶",0.0,0.0,0.0,1.0,36
BBCWorld,Mon Aug 13 19:20:30 +0000 2018,"Yemen war: Mass funeral held for children killed in bus attack 

https://t.co/UFRtN3arpj https://t.co/wTmrWhge1o",-0.9325,0.0,0.609,0.391,35
BBCWorld,Mon Aug 13 18:56:55 +0000 2018,"Donald Trump says Omarosa Manigault Newman only started to attack him after she lost her job 

https://t.co/eLfuXIAnUY",-0.6597,0.0,0.265,0.735,34
BBCWorld,Mon Aug 13 18:02:00 +0000 2018,"A tourist has died after being bitten by a hippo he was trying to photograph in Kenya 

https://t.co/BlxhxdmmDP https://t.co/fLOzmK556y",-0.5574,0.0,0.184,0.816,33
BBCWorld,Mon Aug 13 16:11:35 +0000 2018,Veteran FBI agent Peter Strzok 'fired over anti-Trump texts' https://t.co/zu44sQPOub,-0.5574,0.0,0.286,0.714,32
BBCWorld,Mon Aug 13 15:42:57 +0000 2018,"RT @BBCNewsbeat: .@Ninja says he won't play with female gamers out of respect for his wife.

https://t.co/97lsi9FUFE",0.2649,0.154,0.101,0.745,31
BBCWorld,Mon Aug 13 14:47:21 +0000 2018,"China denies detaining one million Muslim Uighurs

https://t.co/fPSAl2F00K",-0.4215,0.0,0.286,0.714,30
BBCWorld,Mon Aug 13 14:01:29 +0000 2018,"Elon Musk outlines plans to take Tesla private 

https://t.co/XHj1hyz3C5",0.0,0.0,0.0,1.0,29
BBCWorld,Mon Aug 13 13:34:56 +0000 2018,"Turkey's currency woes persist as row with US deepens

https://t.co/slSrzF8ztH",-0.4404,0.0,0.244,0.756,28
BBCWorld,Mon Aug 13 12:22:13 +0000 2018,RT @BBC_HaveYourSay: How a supportive message from @Schwarzenegger to a struggling fan got people talking about mental health and exercise.‚Ä¶,0.1779,0.202,0.126,0.673,27
BBCWorld,Mon Aug 13 11:54:37 +0000 2018,"Afghanistan: Battle-torn Ghazni residents ""can't find food"" https://t.co/sXtFGFnjrD",0.0,0.0,0.0,1.0,26
BBCWorld,Mon Aug 13 11:33:25 +0000 2018,Turkey takes action in bid to curb currency crisis https://t.co/jlbHFUyNFj,-0.6249,0.0,0.313,0.687,25
BBCWorld,Mon Aug 13 11:12:38 +0000 2018,RT @BBCSport: At least 12 fans of Ecuadorean football team Barcelona SC have been killed and 30 injured when the bus they were travelling i‚Ä¶,-0.802,0.0,0.238,0.762,24
BBCWorld,Mon Aug 13 10:52:53 +0000 2018,"The fastest-sinking city in the world

https://t.co/GXJ19szcIT https://t.co/NkgueAW47t",0.0,0.0,0.0,1.0,23
BBCWorld,Mon Aug 13 09:49:09 +0000 2018,"Do pregnancy prevention apps work?

https://t.co/v8vpbZXMpH https://t.co/nua2OFCfQ8",0.0,0.0,0.0,1.0,22
BBCWorld,Mon Aug 13 08:44:14 +0000 2018,Climbers feared dead in Tajikistan helicopter crash https://t.co/vtpZHkP3yg,-0.8807,0.0,0.671,0.329,21
BBCWorld,Mon Aug 13 08:05:37 +0000 2018,Essure sterilisation device: Australian women to launch lawsuit https://t.co/7elRvlI3Ez,-0.2263,0.0,0.192,0.808,20
BBCWorld,Mon Aug 13 07:13:56 +0000 2018,RT @bbcbaxter: Does it matter where an iconic brand is made? That's what @BBCTimWillcox &amp; I ask as #Trump backs #HarleyDavidson boycott. Li‚Ä¶,-0.34,0.047,0.148,0.805,19
BBCWorld,Mon Aug 13 06:11:25 +0000 2018,Manila floods: Massive city clean-up under way https://t.co/odNQN4eypw,0.0,0.0,0.0,1.0,18
BBCWorld,Mon Aug 13 05:34:07 +0000 2018,Ruby Rose exits Twitter amid Batwoman casting backlash https://t.co/zxP4PP11Z3,0.0,0.0,0.0,1.0,17
BBCWorld,Mon Aug 13 04:31:52 +0000 2018,RT @BBCTimWillcox: Fancy a job on the idyllic Greek island of Syros? It‚Äôs all yours as long as you like LOTS of cats. Is this your dream jo‚Ä¶,0.5423,0.153,0.0,0.847,16
BBCWorld,Mon Aug 13 04:12:06 +0000 2018,Spain festival collapse in Vigo injures dozens https://t.co/gCoNtsXmje,0.0,0.258,0.258,0.484,15
BBCWorld,Mon Aug 13 03:27:44 +0000 2018,Deadly fire breaks out at Taiwan hospital https://t.co/965CkKVSWr,-0.34,0.0,0.255,0.745,14
BBCWorld,Mon Aug 13 02:25:27 +0000 2018,"This massive Asian city is literally sinking, disappearing into the ground.

https://t.co/vtLTpxEW6S https://t.co/ZWw4UkpV9Q",0.0,0.0,0.0,1.0,13
BBCWorld,Mon Aug 13 02:21:14 +0000 2018,"Tell us again how animals are incapable of feeling. 

Stay strong, mummy ‚ù§Ô∏è 

https://t.co/d8ldXb7aqO https://t.co/GzJ0MPrLo4",0.296,0.247,0.134,0.619,12
BBCWorld,Mon Aug 13 00:51:20 +0000 2018,Why are UK and US sending more troops to Afghanistan? https://t.co/3lZOmyz2eu,0.0,0.0,0.0,1.0,11
BBCWorld,Mon Aug 13 00:30:42 +0000 2018,Letter from Africa: Heroes and villains of Nigeria's parliament siege https://t.co/kPUqq07QAY,-0.2732,0.198,0.263,0.539,10
BBCWorld,Sun Aug 12 23:32:21 +0000 2018,Unite the Right: White nationalists outnumbered at Washington rally https://t.co/uVJdmRmKXn,0.0,0.0,0.0,1.0,9
BBCWorld,Sun Aug 12 23:10:57 +0000 2018,"Jakarta, the fastest-sinking city in the world https://t.co/SD6I5mn4On",0.0,0.0,0.0,1.0,8
BBCWorld,Sun Aug 12 21:14:10 +0000 2018,"Killer whale mother finally lets dead newborn calf go, after 17 days https://t.co/hHr8HmEE4R",-0.8625,0.0,0.439,0.561,7
BBCWorld,Sun Aug 12 17:28:39 +0000 2018,Dublin priest steps aside following historical complaint https://t.co/xaTDSKvKc4,-0.296,0.0,0.239,0.761,6
BBCWorld,Sun Aug 12 16:53:20 +0000 2018,Caspian Sea: Five countries sign deal to end dispute https://t.co/3ynoZvJOre,-0.4019,0.0,0.231,0.769,5
BBCWorld,Sun Aug 12 15:32:47 +0000 2018,Hippo bite kills Chinese tourist in Kenya https://t.co/YOr6jNKTaO,-0.5423,0.0,0.333,0.667,4
BBCWorld,Sun Aug 12 15:23:21 +0000 2018,"‚ö°‚ö°‚ö° Las Vegas lightning strike leaves tens of thousands without power

https://t.co/KVqMkJiGS6 https://t.co/7I4Zy6ywIq",-0.128,0.0,0.111,0.889,3
BBCWorld,Sun Aug 12 14:38:26 +0000 2018,Taliban attack on Afghan city of Ghazni enters third day https://t.co/sMJpjgvV0m,-0.4767,0.0,0.237,0.763,2
BBCWorld,Sun Aug 12 13:42:38 +0000 2018,Arms depot in Syria's Idlib province kills 39 - monitor https://t.co/l3DvOJ1CkY,-0.5423,0.0,0.28,0.72,1
CBSNews,Tue Aug 14 18:23:55 +0000 2018,"A Pennsylvania grand jury found ""credible"" evidence of sexual abuse against 301 priests, with more than 1,000 child‚Ä¶ https://t.co/MEQhZEn87G",-0.296,0.129,0.181,0.69,100
CBSNews,Tue Aug 14 18:20:07 +0000 2018,WATCH LIVE: Pennsylvania Attorney General Josh Shapiro is detailing a grand jury report on child sexual abuse in si‚Ä¶ https://t.co/CIMmT1LHKc,-0.296,0.124,0.174,0.702,99
CBSNews,Tue Aug 14 18:10:35 +0000 2018,"TACO TRUCK TERROR: Video shows three suspects force their way on to a taco truck, pistol-whip one employee and dema‚Ä¶ https://t.co/DKMYBwvT6w",-0.7603,0.0,0.266,0.734,98
CBSNews,Tue Aug 14 17:49:42 +0000 2018,Police investigate viral video of man jumping into zoo enclosure and smacking hippo https://t.co/5lfZ2ErJfE https://t.co/pQSBviuriG,0.0,0.0,0.0,1.0,97
CBSNews,Tue Aug 14 17:29:32 +0000 2018,"In the next few days, hackers could swipe millions of dollars from ATMs around the globe https://t.co/bMVfgCJzay https://t.co/z2Rg68SUsn",0.0,0.0,0.0,1.0,96
CBSNews,Tue Aug 14 17:09:53 +0000 2018,"Beyonc√© and Jay-Z dedicate Detroit concert to Aretha Franklin, crowd sings along to ""Respect"" during DJ Khaled's se‚Ä¶ https://t.co/g1Z12eLcQw",0.0,0.0,0.0,1.0,95
CBSNews,Tue Aug 14 17:09:07 +0000 2018,"The Trump campaign has filed an arbitration complaint against Omarosa, saying she breached a confidentiality agreem‚Ä¶ https://t.co/N1c2txC9DW",-0.296,0.0,0.128,0.872,94
CBSNews,Tue Aug 14 16:49:40 +0000 2018,"Millennial women spoke about feminism, sexual misconduct and polarized politics for M(Y) Vote, a series from‚Ä¶ https://t.co/RAVOmcxgNN",0.0,0.0,0.0,1.0,93
CBSNews,Tue Aug 14 16:30:16 +0000 2018,"Reporter: Is it appropriate for the president to call a woman a dog?

Kellyanne Conway: ""It is inappropriate for pe‚Ä¶ https://t.co/G4xvZ5cZDw",0.0,0.0,0.0,1.0,92
CBSNews,Tue Aug 14 16:09:36 +0000 2018,"DOG EAT DOG: President Trump called Omarosa a ""dog"" in a tweet today. She's not the first. https://t.co/LEzTayZ71I https://t.co/DX37FA8fUL",0.0,0.0,0.0,1.0,91
CBSNews,Tue Aug 14 15:49:47 +0000 2018,"RESPECT: Fans at Beyonce and Jay-Z's concert in Detroit last night sang along to Aretha Franklin's iconic hit, chee‚Ä¶ https://t.co/J3DPb7QR4R",0.5904,0.168,0.0,0.832,90
CBSNews,Tue Aug 14 15:37:08 +0000 2018,"WATCH: Surveillance footage of a London car crash outside the House of Parliament, which police are investigating a‚Ä¶ https://t.co/4aKbWfLQuv",-0.4019,0.0,0.137,0.863,89
CBSNews,Tue Aug 14 15:00:24 +0000 2018,"A bridge on a main highway linking Italy with France collapsed Tuesday during a sudden, violent storm, killing at l‚Ä¶ https://t.co/l4qhCSD6rN",-0.886,0.0,0.409,0.591,88
CBSNews,Tue Aug 14 14:44:55 +0000 2018,Tesla board says it will assess CEO Elon Musk's proposal to go private https://t.co/PtpyspSLHD https://t.co/ovpsZbKFoc,0.0,0.0,0.0,1.0,87
CBSNews,Tue Aug 14 14:29:49 +0000 2018,"Bethenny Frankel pays tribute to late boyfriend Dennis Shields, attends funeral on Long Island, New York‚Ä¶ https://t.co/fEvr2ytu9z",-0.3612,0.0,0.135,0.865,86
CBSNews,Tue Aug 14 14:14:36 +0000 2018,BMW recall: South Korea bans vehicles because of fire risk https://t.co/BGuFSfZbpf https://t.co/M2jNpQNLHW,-0.5423,0.0,0.31,0.69,85
CBSNews,Tue Aug 14 13:59:54 +0000 2018,"Taliban overruns Afghan base, killing 17 soldiers. Comes as Afghanistan's U.S.-backed forces entrenched elsewhere,‚Ä¶ https://t.co/ea8BnpdeZB",-0.6597,0.0,0.239,0.761,84
CBSNews,Tue Aug 14 13:47:37 +0000 2018,"UNLIKELY FRIENDSHIP: A comforting golden retriever formed a special bond with a mini rescue horse, who arrived at t‚Ä¶ https://t.co/xflVKGTRyk",0.9068,0.487,0.0,0.513,83
CBSNews,Tue Aug 14 13:36:35 +0000 2018,RT @CBSThisMorning: WATCH: @AlexWagner asks a group of millennial female voters their thoughts on guns and efforts to promote gun safety re‚Ä¶,0.4588,0.209,0.093,0.698,82
CBSNews,Tue Aug 14 13:29:52 +0000 2018,Movie theaters try 3-screen immersion to fend off Netflix https://t.co/2XFOscFnWe https://t.co/uABv3cNLcy,0.0,0.0,0.0,1.0,81
CBSNews,Tue Aug 14 18:23:55 +0000 2018,"A Pennsylvania grand jury found ""credible"" evidence of sexual abuse against 301 priests, with more than 1,000 child‚Ä¶ https://t.co/MEQhZEn87G",-0.296,0.129,0.181,0.69,80
CBSNews,Tue Aug 14 18:20:07 +0000 2018,WATCH LIVE: Pennsylvania Attorney General Josh Shapiro is detailing a grand jury report on child sexual abuse in si‚Ä¶ https://t.co/CIMmT1LHKc,-0.296,0.124,0.174,0.702,79
CBSNews,Tue Aug 14 18:10:35 +0000 2018,"TACO TRUCK TERROR: Video shows three suspects force their way on to a taco truck, pistol-whip one employee and dema‚Ä¶ https://t.co/DKMYBwvT6w",-0.7603,0.0,0.266,0.734,78
CBSNews,Tue Aug 14 17:49:42 +0000 2018,Police investigate viral video of man jumping into zoo enclosure and smacking hippo https://t.co/5lfZ2ErJfE https://t.co/pQSBviuriG,0.0,0.0,0.0,1.0,77
CBSNews,Tue Aug 14 17:29:32 +0000 2018,"In the next few days, hackers could swipe millions of dollars from ATMs around the globe https://t.co/bMVfgCJzay https://t.co/z2Rg68SUsn",0.0,0.0,0.0,1.0,76
CBSNews,Tue Aug 14 17:09:53 +0000 2018,"Beyonc√© and Jay-Z dedicate Detroit concert to Aretha Franklin, crowd sings along to ""Respect"" during DJ Khaled's se‚Ä¶ https://t.co/g1Z12eLcQw",0.0,0.0,0.0,1.0,75
CBSNews,Tue Aug 14 17:09:07 +0000 2018,"The Trump campaign has filed an arbitration complaint against Omarosa, saying she breached a confidentiality agreem‚Ä¶ https://t.co/N1c2txC9DW",-0.296,0.0,0.128,0.872,74
CBSNews,Tue Aug 14 16:49:40 +0000 2018,"Millennial women spoke about feminism, sexual misconduct and polarized politics for M(Y) Vote, a series from‚Ä¶ https://t.co/RAVOmcxgNN",0.0,0.0,0.0,1.0,73
CBSNews,Tue Aug 14 16:30:16 +0000 2018,"Reporter: Is it appropriate for the president to call a woman a dog?

Kellyanne Conway: ""It is inappropriate for pe‚Ä¶ https://t.co/G4xvZ5cZDw",0.0,0.0,0.0,1.0,72
CBSNews,Tue Aug 14 16:09:36 +0000 2018,"DOG EAT DOG: President Trump called Omarosa a ""dog"" in a tweet today. She's not the first. https://t.co/LEzTayZ71I https://t.co/DX37FA8fUL",0.0,0.0,0.0,1.0,71
CBSNews,Tue Aug 14 15:49:47 +0000 2018,"RESPECT: Fans at Beyonce and Jay-Z's concert in Detroit last night sang along to Aretha Franklin's iconic hit, chee‚Ä¶ https://t.co/J3DPb7QR4R",0.5904,0.168,0.0,0.832,70
CBSNews,Tue Aug 14 15:37:08 +0000 2018,"WATCH: Surveillance footage of a London car crash outside the House of Parliament, which police are investigating a‚Ä¶ https://t.co/4aKbWfLQuv",-0.4019,0.0,0.137,0.863,69
CBSNews,Tue Aug 14 15:00:24 +0000 2018,"A bridge on a main highway linking Italy with France collapsed Tuesday during a sudden, violent storm, killing at l‚Ä¶ https://t.co/l4qhCSD6rN",-0.886,0.0,0.409,0.591,68
CBSNews,Tue Aug 14 14:44:55 +0000 2018,Tesla board says it will assess CEO Elon Musk's proposal to go private https://t.co/PtpyspSLHD https://t.co/ovpsZbKFoc,0.0,0.0,0.0,1.0,67
CBSNews,Tue Aug 14 14:29:49 +0000 2018,"Bethenny Frankel pays tribute to late boyfriend Dennis Shields, attends funeral on Long Island, New York‚Ä¶ https://t.co/fEvr2ytu9z",-0.3612,0.0,0.135,0.865,66
CBSNews,Tue Aug 14 14:14:36 +0000 2018,BMW recall: South Korea bans vehicles because of fire risk https://t.co/BGuFSfZbpf https://t.co/M2jNpQNLHW,-0.5423,0.0,0.31,0.69,65
CBSNews,Tue Aug 14 13:59:54 +0000 2018,"Taliban overruns Afghan base, killing 17 soldiers. Comes as Afghanistan's U.S.-backed forces entrenched elsewhere,‚Ä¶ https://t.co/ea8BnpdeZB",-0.6597,0.0,0.239,0.761,64
CBSNews,Tue Aug 14 13:47:37 +0000 2018,"UNLIKELY FRIENDSHIP: A comforting golden retriever formed a special bond with a mini rescue horse, who arrived at t‚Ä¶ https://t.co/xflVKGTRyk",0.9068,0.487,0.0,0.513,63
CBSNews,Tue Aug 14 13:36:35 +0000 2018,RT @CBSThisMorning: WATCH: @AlexWagner asks a group of millennial female voters their thoughts on guns and efforts to promote gun safety re‚Ä¶,0.4588,0.209,0.093,0.698,62
CBSNews,Tue Aug 14 13:29:52 +0000 2018,Movie theaters try 3-screen immersion to fend off Netflix https://t.co/2XFOscFnWe https://t.co/uABv3cNLcy,0.0,0.0,0.0,1.0,61
CBSNews,Tue Aug 14 13:14:46 +0000 2018,A highly anticipated grand jury report detailing alleged abuses by hundreds of Catholic priests across Pennsylvania‚Ä¶ https://t.co/sgSDcc4Xvt,-0.0828,0.157,0.172,0.671,60
CBSNews,Tue Aug 14 13:00:47 +0000 2018,"""In Trump world, everyone lies"": After releasing a series of damaging recordings, Omarosa Manigault Newman said she‚Ä¶ https://t.co/3QD7lcMBQu",-0.5106,0.0,0.171,0.829,59
CBSNews,Tue Aug 14 12:40:29 +0000 2018,"Aretha Franklin is in home hospice care, a source close to her family tells CBS News https://t.co/UdcxxoOJX2 https://t.co/PPyA6XgtfM",0.4939,0.167,0.0,0.833,58
CBSNews,Tue Aug 14 12:19:58 +0000 2018,FIERY CRASH: A man crashed a plane into his own house just hours after he was released from jail for domestic viole‚Ä¶ https://t.co/5nv4ptBYI6,-0.7626,0.0,0.257,0.743,57
CBSNews,Tue Aug 14 11:59:55 +0000 2018,The sudden downfall of Sen. Al Franken amid the rise of the #MeToo movement set the course for what could be a two-‚Ä¶ https://t.co/e8nVslOvOO,0.0,0.0,0.0,1.0,56
CBSNews,Tue Aug 14 11:43:12 +0000 2018,"RT @CBSThisMorning: You have everything that you say in the book backed up by tape or email? 

 ""Absolutely. If you see it in quotes, it ca‚Ä¶",0.0258,0.042,0.0,0.958,55
CBSNews,Tue Aug 14 11:39:37 +0000 2018,West Virginia lawmakers vote to impeach all four state Supreme Court justices: https://t.co/I6ei6vq6KX https://t.co/rkwLnEPMzd,0.5574,0.217,0.0,0.783,54
CBSNews,Tue Aug 14 11:29:59 +0000 2018,"RT @CBSThisMorning: Why do you want to work in a world where everybody lies?

""I've been in politics for 20 years. Everybody lies in politi‚Ä¶",-0.6486,0.047,0.201,0.753,53
CBSNews,Tue Aug 14 11:29:56 +0000 2018,"RT @CBSThisMorning: ""In Trump world, everyone lies. Everyone says one thing one day and they change their story the next day."" -- @Omarosa‚Ä¶",-0.4215,0.0,0.113,0.887,52
CBSNews,Tue Aug 14 11:29:03 +0000 2018,Omarosa reveals audio of Trump campaign aides allegedly discussing potential fallout of N-word:‚Ä¶ https://t.co/K4iIzpotzf,0.0,0.0,0.0,1.0,51
CBSNews,Tue Aug 14 11:20:27 +0000 2018,"RT @CBSThisMorning: Why were you taping? -- @GayleKing 

""Because the truth matters, Gayle. And if I didn't have this tape, you all would p‚Ä¶",0.34,0.139,0.0,0.861,50
CBSNews,Tue Aug 14 11:20:08 +0000 2018,Late cloud develops over Keith Ellison's bid for Minnesota attorney general: https://t.co/Bb4pySnaUY https://t.co/HoziKWu88z,0.0,0.0,0.0,1.0,49
CBSNews,Tue Aug 14 11:19:20 +0000 2018,President Trump says @Omarosa lied when she called him a racist who has said the N-word on tape. But a new recordin‚Ä¶ https://t.co/mdJ7ZGZX0f,-0.765,0.0,0.258,0.742,48
CBSNews,Tue Aug 14 11:07:28 +0000 2018,"A raised highway has partially collapsed in northern Italy, news reports say; no immediate confirmation of deaths o‚Ä¶ https://t.co/0eha5ne8Uz",-0.5106,0.0,0.212,0.788,47
CBSNews,Tue Aug 14 11:00:47 +0000 2018,"Awkwafina on why the impact of ""Crazy Rich Asians"" gets her emotional https://t.co/QWjGYith8z https://t.co/mWqESOnuog",0.4215,0.28,0.129,0.591,46
CBSNews,Tue Aug 14 10:59:04 +0000 2018,"""No other suspects have been reported to police. There is no intelligence at this time to further danger of London‚Ä¶ https://t.co/lYgdhVklkF",-0.7269,0.106,0.348,0.546,45
CBSNews,Tue Aug 14 10:44:38 +0000 2018,AHEAD on @CBSThisMorning: We'll get a first look at how @Reebok's newest shoe is taking steps toward sustainability‚Ä¶ https://t.co/I1HvZYJNZk,0.0,0.0,0.0,1.0,44
CBSNews,Tue Aug 14 10:40:03 +0000 2018,"Even as primary season continues, several Senate races are taking shape, with some incumbent Republicans and severa‚Ä¶ https://t.co/Eyn2nPzF7a",0.0,0.0,0.0,1.0,43
CBSNews,Tue Aug 14 10:31:00 +0000 2018,"RT @CBSThisMorning: COMING UP THIS MORNING:

üîú @OMAROSA joins us live in Studio 57 with new recording

üîú We explore the impact of millennia‚Ä¶",0.0,0.0,0.0,1.0,42
CBSNews,Tue Aug 14 10:26:25 +0000 2018,Former White House aide @Omarosa will be on @CBSThisMorning with new recordings. We'll get her reaction to Presiden‚Ä¶ https://t.co/Jz3TH4fY5p,0.0,0.0,0.0,1.0,41
CBSNews,Tue Aug 14 10:19:33 +0000 2018,"Firefighter dies battling massive blaze in Northern California, officials say https://t.co/4tVXFR6yQn https://t.co/hNWdV1mco0",-0.2732,0.0,0.16,0.84,40
CBSNews,Tue Aug 14 10:03:04 +0000 2018,"Poll: One year after Charlottesville, majority of Americans see racial tensions on the rise https://t.co/grGKiW25eE https://t.co/8x1FelEwcw",-0.4019,0.0,0.153,0.847,39
CBSNews,Tue Aug 14 09:52:26 +0000 2018,DEVELOPING: A man has been arrested on suspicion of terrorism after driving a car into a gate outside the Houses of‚Ä¶ https://t.co/5HGiqVFHjv,-0.8834,0.0,0.392,0.608,38
CBSNews,Tue Aug 14 09:48:03 +0000 2018,Powerball ticket sold in New York City wins $245 million jackpot https://t.co/pfYpBW9PhO https://t.co/EytVW85pcT,0.5719,0.236,0.0,0.764,37
CBSNews,Tue Aug 14 09:33:03 +0000 2018,"Man who stole plane identified, once described job as getting ""to visit those I love most"" https://t.co/k0YqNwRvn9 https://t.co/VhbPUptmjQ",0.6369,0.208,0.0,0.792,36
CBSNews,Tue Aug 14 09:25:25 +0000 2018,"Melissa Howard, Florida Legislature candidate, admits claim she had college degree was false https://t.co/s7tU3bySdJ https://t.co/oI2gr8nx9e",0.296,0.136,0.0,0.864,35
CBSNews,Tue Aug 14 09:18:03 +0000 2018,"U.S. downplays ""failed"" Taliban siege as 100 Afghan forces killed https://t.co/IcRaBH24VZ https://t.co/oppjsqdzdU",-0.6705,0.0,0.29,0.71,34
CBSNews,Tue Aug 14 09:03:08 +0000 2018,One Maryland woman didn't let a rare medical procedure keep her from walking down the aisle https://t.co/gFe6EgqsTV https://t.co/Fx7jNaAOfZ,0.0,0.0,0.0,1.0,33
CBSNews,Tue Aug 14 08:48:04 +0000 2018,"Significant rise in mosquito ""disease danger days"" in U.S., report warns https://t.co/jfPavVdEzn https://t.co/Wt7UKw6Fpk",-0.4588,0.108,0.289,0.602,32
CBSNews,Tue Aug 14 08:33:03 +0000 2018,Democrats look to longshot territory for midterm gains https://t.co/yqjAQYg7eA https://t.co/Hk5ydSqFre,0.34,0.211,0.0,0.789,31
CBSNews,Tue Aug 14 08:18:04 +0000 2018,Indiana moms demand answers amid spate of kids' cancer cases https://t.co/JX6PZdNQuw https://t.co/zkfakRBTng,-0.7096,0.0,0.371,0.629,30
CBSNews,Tue Aug 14 08:03:05 +0000 2018,Tom Steyer announces $10 million drive to help Democrats https://t.co/EYxtyQ7G6G https://t.co/9wapdcjIUX,0.4019,0.213,0.0,0.787,29
CBSNews,Tue Aug 14 07:48:03 +0000 2018,Arizona woman missing for 9 days after sending her roommate a text message https://t.co/PrSOp0Bkbq https://t.co/OsV6ogFHMm,-0.296,0.0,0.155,0.845,28
CBSNews,Tue Aug 14 07:42:13 +0000 2018,Grieving mother orca finally lets go of dead calf after 17 days https://t.co/UOKFoVqnxB https://t.co/seuAlEP9F7,-0.8225,0.0,0.388,0.612,27
CBSNews,Tue Aug 14 07:30:34 +0000 2018,Pedestrians injured as car drives into U.K. parliament gate https://t.co/TM1Em42kPo https://t.co/o1HpF3KDgF,-0.4019,0.0,0.213,0.787,26
CBSNews,Tue Aug 14 07:18:04 +0000 2018,Commentary: Alexandria Ocasio-Cortez becomes the Sarah Palin of the Left https://t.co/dUWfREAJI6 https://t.co/R5tLopykoH,0.0,0.0,0.0,1.0,25
CBSNews,Tue Aug 14 07:03:04 +0000 2018,Prosecution rests in Manafort tax evasion and fraud trial https://t.co/R3XThXimZC https://t.co/C2soAQtmxv,-0.7906,0.0,0.438,0.562,24
CBSNews,Tue Aug 14 06:48:03 +0000 2018,Steel companies benefiting from Trump's tariffs https://t.co/j3JRyotj5A https://t.co/yisQJv9MPT,0.0,0.0,0.0,1.0,23
CBSNews,Tue Aug 14 06:33:03 +0000 2018,Trump touts accomplishments at fundraiser for GOP congresswoman in New York https://t.co/8XbfbSpaq5 https://t.co/wvvGSWg4lS,-0.0258,0.0,0.084,0.916,22
CBSNews,Tue Aug 14 06:18:04 +0000 2018,"""Faking the charm"": Chris O'Dowd on ""Get Shorty"" and ""Juliet, Naked"" https://t.co/uI7kvXWThv https://t.co/6YLM7TM0UF",-0.4215,0.0,0.189,0.811,21
CBSNews,Tue Aug 14 06:03:03 +0000 2018,Millions on East Coast under flood advisories https://t.co/KNbqer8zEf https://t.co/54mqWPMIaB,0.0,0.0,0.0,1.0,20
CBSNews,Tue Aug 14 05:48:03 +0000 2018,S.C.'s GOP lawmakers feel heat for supporting Trump's tariffs https://t.co/YI20uOW2G4 https://t.co/8O7iMNZJlb,0.4404,0.225,0.0,0.775,19
CBSNews,Tue Aug 14 05:33:03 +0000 2018,Elon Musk talking to Saudi investors about taking Tesla private https://t.co/gj9I53uivw https://t.co/dgUYG5yqkm,0.0,0.0,0.0,1.0,18
CBSNews,Tue Aug 14 05:18:03 +0000 2018,"Al Franken's Senate seat up for grabs in wake of #MeToo, and what else to watch in politics this week‚Ä¶ https://t.co/pQNaBFAUIy",0.0,0.0,0.0,1.0,17
CBSNews,Tue Aug 14 05:03:04 +0000 2018,Primary election 2018: Connecticut's race for governor heats up https://t.co/lEiYwbfO9I https://t.co/tHiDxrNg10,0.0,0.0,0.0,1.0,16
CBSNews,Tue Aug 14 04:48:03 +0000 2018,Stephen Miller's uncle criticizes his nephew on immigration https://t.co/BMl8NbuTX0 https://t.co/1hl2XYWCMS,-0.34,0.0,0.211,0.789,15
CBSNews,Tue Aug 14 04:33:03 +0000 2018,"University of Maryland places head football coach on leave after allegations of abuse, intimidation‚Ä¶ https://t.co/yEDakIhehB",-0.6597,0.0,0.293,0.707,14
CBSNews,Tue Aug 14 04:18:03 +0000 2018,Fidelity offers new zero-cost mutual funds ‚Äì should you switch? https://t.co/dcqjhEp0TY https://t.co/iKjHYPQCFh,0.0,0.0,0.0,1.0,13
CBSNews,Tue Aug 14 04:08:27 +0000 2018,"Firefighter dies battling massive blaze in Northern California, officials say https://t.co/bfa2hOXcuI https://t.co/OqBoH7wsz4",-0.2732,0.0,0.16,0.84,12
CBSNews,Tue Aug 14 04:03:04 +0000 2018,"U.S. downplays ""failed"" Taliban siege as 100 Afghan forces killed https://t.co/QOvHreCNVE https://t.co/aeDY5EJMaP",-0.6705,0.0,0.29,0.71,11
CBSNews,Tue Aug 14 03:48:03 +0000 2018,"Trump says ""Apprentice"" producer told him there's no ""N-word"" tape https://t.co/ogT8bxtI5G https://t.co/gHqcAJ4Giq",-0.296,0.0,0.167,0.833,10
CBSNews,Tue Aug 14 03:38:34 +0000 2018,"Trump says ""Apprentice"" producer told him there's no ""N-word"" tape https://t.co/1PmihbuZUi https://t.co/h9ziV3QNUt",-0.296,0.0,0.167,0.833,9
CBSNews,Tue Aug 14 03:33:03 +0000 2018,Indiana moms demand answers amid spate of kids' cancer cases https://t.co/StH8uTDxoi https://t.co/Vj3eV7lFsh,-0.7096,0.0,0.371,0.629,8
CBSNews,Tue Aug 14 03:18:04 +0000 2018,Arizona woman missing for 9 days after sending her roommate a text message https://t.co/1qvPT98pcu https://t.co/h5HshDwtHF,-0.296,0.0,0.155,0.845,7
CBSNews,Tue Aug 14 03:03:03 +0000 2018,Commentary: Alexandria Ocasio-Cortez becomes the Sarah Palin of the Left https://t.co/sVFAkGmG3a https://t.co/0l6ieBwyaS,0.0,0.0,0.0,1.0,6
CBSNews,Tue Aug 14 02:39:52 +0000 2018,"Disney slammed after reportedly casting straight actor as ""hugely effete, very camp and very funny"" gay character i‚Ä¶ https://t.co/UlyEdqKPVG",0.624,0.231,0.0,0.769,5
CBSNews,Tue Aug 14 02:20:25 +0000 2018,"A woman who had her hands and legs amputated beats the odds of her condition, walking down the aisle on her wedding‚Ä¶ https://t.co/VCdCQinxrx",0.0,0.0,0.0,1.0,4
CBSNews,Tue Aug 14 01:59:50 +0000 2018,Google knows where you've been. This is how to scrub the evidence of your last late-night pizza run‚Ä¶ https://t.co/3MndYRQrAn,0.0,0.0,0.0,1.0,3
CBSNews,Tue Aug 14 01:00:00 +0000 2018,3-year-old boy found at apocalyptic-looking New Mexico compound died in religious ritual https://t.co/Zc8vXaLAdF https://t.co/vMEQfn0Npw,-0.5574,0.0,0.217,0.783,2
CBSNews,Tue Aug 14 00:39:35 +0000 2018,"Woman convicted in fianc√©'s death, in which she pulled the plug on his kayak and watched him drown, is entitled to‚Ä¶ https://t.co/jObTGQk4Sw",-0.7579,0.073,0.265,0.662,1
CNN,Tue Aug 14 18:20:09 +0000 2018,Aides to President Trump questioned him during the 2016 campaign about the existence of an audio tape in which he p‚Ä¶ https://t.co/i71OkltD9O,-0.1027,0.0,0.062,0.938,100
CNN,Tue Aug 14 18:10:00 +0000 2018,McDonald's iconic Happy Meal has been evolving since it was introduced nearly 40 years ago. Some of the options hav‚Ä¶ https://t.co/cfusdx11pq,0.5719,0.156,0.0,0.844,99
CNN,Tue Aug 14 18:00:08 +0000 2018,Lawmakers in West Virginia did something Monday night that might be a first in American history: they impeached the‚Ä¶ https://t.co/yVNIQCpKVO,0.0,0.0,0.0,1.0,98
CNN,Tue Aug 14 17:55:07 +0000 2018,Election officials' concerns turn to information warfare as hackers gather in Vegas https://t.co/GL0N4g7ASc https://t.co/ZXJl8yIWlT,-0.296,0.0,0.145,0.855,97
CNN,Tue Aug 14 17:48:02 +0000 2018,He's 14 and running to be the governor of Vermont https://t.co/6hR8HZ1JNP https://t.co/xR3TjGpwF6,0.0,0.0,0.0,1.0,96
CNN,Tue Aug 14 17:37:58 +0000 2018,The Florida man charged with manslaughter after shooting another man in a convenience store parking lot previously‚Ä¶ https://t.co/pXXCs5gne3,-0.2023,0.0,0.101,0.899,95
CNN,Tue Aug 14 17:25:39 +0000 2018,"A Utah man died flying a plane into his home, where his wife and her son were, hours after he was arrested for dome‚Ä¶ https://t.co/DHIJyEunaH",-0.7717,0.0,0.242,0.758,94
CNN,Tue Aug 14 17:12:36 +0000 2018,"Here's one way to get paid in American college athletics: Go professional in another sport.

University of Oklahoma‚Ä¶ https://t.co/UwoXV656sK",0.0,0.0,0.0,1.0,93
CNN,Tue Aug 14 17:00:26 +0000 2018,"Trump calling Omarosa a 'dog' is sexist and racist, period | @AnushayHossain for @CNNopinion https://t.co/vS9hbcqgRx https://t.co/eW9jiKzqEE",-0.6124,0.0,0.235,0.765,92
CNN,Tue Aug 14 16:46:55 +0000 2018,Tesla‚Äôs board of directors say they have formed a special committee to study CEO Elon Musk‚Äôs proposal to take the c‚Ä¶ https://t.co/uxfiuBESxJ,0.4019,0.119,0.0,0.881,91
CNN,Tue Aug 14 16:35:08 +0000 2018,How America's foreclosure capital came back from the dead https://t.co/t808wUQQ4T https://t.co/mPMLJssYbo,-0.7003,0.0,0.392,0.608,90
CNN,Tue Aug 14 16:23:12 +0000 2018,"Lonely Planet ranked its favorite 500 food experiences around the world for a new book, Ultimate Eats. Here are som‚Ä¶ https://t.co/Edhmu4lCh9",0.128,0.128,0.106,0.766,89
CNN,Tue Aug 14 16:12:19 +0000 2018,"The defense rests their case in the trial against former Trump campaign chairman Paul Manafort, following a sealed‚Ä¶ https://t.co/3T3gJ7riZD",0.128,0.081,0.0,0.919,88
CNN,Tue Aug 14 16:06:41 +0000 2018,"RT @cnni: JUST IN: The bridge that collapsed in Genoa, Italy, was ""constantly undergoing maintenance,"" says one engineer who expressed conc‚Ä¶",-0.2732,0.0,0.095,0.905,87
CNN,Tue Aug 14 16:00:08 +0000 2018,Elephants rarely get cancer. Here's why this matters to humans: https://t.co/41UM9gcFVs https://t.co/WBC8wEtqBJ,0.5634,0.317,0.0,0.683,86
CNN,Tue Aug 14 15:50:08 +0000 2018,"Tinder co-founders and 8 others are suing the dating app's owners, claiming they're owed $2 billion‚Ä¶ https://t.co/D536YXr5xR",-0.2732,0.0,0.123,0.877,85
CNN,Tue Aug 14 15:44:13 +0000 2018,"JUST IN: President Trump's campaign says it has filed for arbitration, accusing Omarosa Manigault Newman, the forme‚Ä¶ https://t.co/8hhBzP0RhE",-0.1779,0.0,0.091,0.909,84
CNN,Tue Aug 14 15:39:37 +0000 2018,"RT @cnnbrk: Toll rises to at least 35 people killed after a highway bridge collapses in Genoa, Italy, governor's office says. Follow live u‚Ä¶",-0.7717,0.0,0.242,0.758,83
CNN,Tue Aug 14 15:36:04 +0000 2018,"A large section of a highway bridge in northern Italy collapsed during torrential rains Tuesday, causing a number o‚Ä¶ https://t.co/95KasdlRxX",-0.2023,0.071,0.114,0.815,82
CNN,Tue Aug 14 15:25:15 +0000 2018,"Voters are heading to the polls today for primaries in Connecticut, Minnesota, Vermont and Wisconsin. Here's what t‚Ä¶ https://t.co/NlbVI3l0fm",0.0,0.0,0.0,1.0,81
CNN,Tue Aug 14 18:20:09 +0000 2018,Aides to President Trump questioned him during the 2016 campaign about the existence of an audio tape in which he p‚Ä¶ https://t.co/i71OkltD9O,-0.1027,0.0,0.062,0.938,80
CNN,Tue Aug 14 18:10:00 +0000 2018,McDonald's iconic Happy Meal has been evolving since it was introduced nearly 40 years ago. Some of the options hav‚Ä¶ https://t.co/cfusdx11pq,0.5719,0.156,0.0,0.844,79
CNN,Tue Aug 14 18:00:08 +0000 2018,Lawmakers in West Virginia did something Monday night that might be a first in American history: they impeached the‚Ä¶ https://t.co/yVNIQCpKVO,0.0,0.0,0.0,1.0,78
CNN,Tue Aug 14 17:55:07 +0000 2018,Election officials' concerns turn to information warfare as hackers gather in Vegas https://t.co/GL0N4g7ASc https://t.co/ZXJl8yIWlT,-0.296,0.0,0.145,0.855,77
CNN,Tue Aug 14 17:48:02 +0000 2018,He's 14 and running to be the governor of Vermont https://t.co/6hR8HZ1JNP https://t.co/xR3TjGpwF6,0.0,0.0,0.0,1.0,76
CNN,Tue Aug 14 17:37:58 +0000 2018,The Florida man charged with manslaughter after shooting another man in a convenience store parking lot previously‚Ä¶ https://t.co/pXXCs5gne3,-0.2023,0.0,0.101,0.899,75
CNN,Tue Aug 14 17:25:39 +0000 2018,"A Utah man died flying a plane into his home, where his wife and her son were, hours after he was arrested for dome‚Ä¶ https://t.co/DHIJyEunaH",-0.7717,0.0,0.242,0.758,74
CNN,Tue Aug 14 17:12:36 +0000 2018,"Here's one way to get paid in American college athletics: Go professional in another sport.

University of Oklahoma‚Ä¶ https://t.co/UwoXV656sK",0.0,0.0,0.0,1.0,73
CNN,Tue Aug 14 17:00:26 +0000 2018,"Trump calling Omarosa a 'dog' is sexist and racist, period | @AnushayHossain for @CNNopinion https://t.co/vS9hbcqgRx https://t.co/eW9jiKzqEE",-0.6124,0.0,0.235,0.765,72
CNN,Tue Aug 14 16:46:55 +0000 2018,Tesla‚Äôs board of directors say they have formed a special committee to study CEO Elon Musk‚Äôs proposal to take the c‚Ä¶ https://t.co/uxfiuBESxJ,0.4019,0.119,0.0,0.881,71
CNN,Tue Aug 14 16:35:08 +0000 2018,How America's foreclosure capital came back from the dead https://t.co/t808wUQQ4T https://t.co/mPMLJssYbo,-0.7003,0.0,0.392,0.608,70
CNN,Tue Aug 14 16:23:12 +0000 2018,"Lonely Planet ranked its favorite 500 food experiences around the world for a new book, Ultimate Eats. Here are som‚Ä¶ https://t.co/Edhmu4lCh9",0.128,0.128,0.106,0.766,69
CNN,Tue Aug 14 16:12:19 +0000 2018,"The defense rests their case in the trial against former Trump campaign chairman Paul Manafort, following a sealed‚Ä¶ https://t.co/3T3gJ7riZD",0.128,0.081,0.0,0.919,68
CNN,Tue Aug 14 16:06:41 +0000 2018,"RT @cnni: JUST IN: The bridge that collapsed in Genoa, Italy, was ""constantly undergoing maintenance,"" says one engineer who expressed conc‚Ä¶",-0.2732,0.0,0.095,0.905,67
CNN,Tue Aug 14 16:00:08 +0000 2018,Elephants rarely get cancer. Here's why this matters to humans: https://t.co/41UM9gcFVs https://t.co/WBC8wEtqBJ,0.5634,0.317,0.0,0.683,66
CNN,Tue Aug 14 15:50:08 +0000 2018,"Tinder co-founders and 8 others are suing the dating app's owners, claiming they're owed $2 billion‚Ä¶ https://t.co/D536YXr5xR",-0.2732,0.0,0.123,0.877,65
CNN,Tue Aug 14 15:44:13 +0000 2018,"JUST IN: President Trump's campaign says it has filed for arbitration, accusing Omarosa Manigault Newman, the forme‚Ä¶ https://t.co/8hhBzP0RhE",-0.1779,0.0,0.091,0.909,64
CNN,Tue Aug 14 15:39:37 +0000 2018,"RT @cnnbrk: Toll rises to at least 35 people killed after a highway bridge collapses in Genoa, Italy, governor's office says. Follow live u‚Ä¶",-0.7717,0.0,0.242,0.758,63
CNN,Tue Aug 14 15:36:04 +0000 2018,"A large section of a highway bridge in northern Italy collapsed during torrential rains Tuesday, causing a number o‚Ä¶ https://t.co/95KasdlRxX",-0.2023,0.071,0.114,0.815,62
CNN,Tue Aug 14 15:25:15 +0000 2018,"Voters are heading to the polls today for primaries in Connecticut, Minnesota, Vermont and Wisconsin. Here's what t‚Ä¶ https://t.co/NlbVI3l0fm",0.0,0.0,0.0,1.0,61
CNN,Tue Aug 14 15:13:27 +0000 2018,"Consumers spent big at Home Depot last quarter ‚Äî the company posted $30.5 billion worth of sales, up 8.4% from a ye‚Ä¶ https://t.co/Kgwp37LPZQ",0.2263,0.087,0.0,0.913,60
CNN,Tue Aug 14 15:05:51 +0000 2018,John Legend wants Louisiana to amend its constitution to remove 'white supremacy' https://t.co/jU9EKGYlSm https://t.co/TYDxX7F0fS,0.0516,0.085,0.0,0.915,59
CNN,Tue Aug 14 14:58:13 +0000 2018,"Uncle to White House senior adviser Stephen Miller: ""I felt it was incumbent upon me to raise my voice to let peopl‚Ä¶ https://t.co/LJhiueZmWt",0.0,0.0,0.0,1.0,58
CNN,Tue Aug 14 14:44:54 +0000 2018,"Trail runner Daniel Jung recently completed the Tyrolean High Altitude Trail Challenge‚Äã -- a 124 mile-long, 45,800‚Ä¶ https://t.co/xZatCaWGrE",0.0,0.0,0.0,1.0,57
CNN,Tue Aug 14 14:30:07 +0000 2018,"Once the kids are tucked in, this Indiana dad spends hours hunting Russian trolls https://t.co/BZSD3ZicRM https://t.co/knTAizLtKL",0.0,0.0,0.0,1.0,56
CNN,Tue Aug 14 14:20:28 +0000 2018,Tesla board forms special committee to study Elon Musk's proposal to take the company private‚Ä¶ https://t.co/Sth5X1pEJp,0.4019,0.153,0.0,0.847,55
CNN,Tue Aug 14 14:12:33 +0000 2018,President Trump's approval rating of 42% outpaces Jimmy Carter's and Bill Clinton's ratings of 39% each in the Augu‚Ä¶ https://t.co/sghuX6WGCX,0.4767,0.14,0.0,0.86,54
CNN,Tue Aug 14 14:00:45 +0000 2018,Footage shows the moment a section of a highway bridge collapsed in northern Italy ‚Äî at least 20 people have been k‚Ä¶ https://t.co/4fQWNpTiaF,-0.2732,0.0,0.1,0.9,53
CNN,Tue Aug 14 13:53:27 +0000 2018,"President Trump said it's ""great"" that consumers might boycott Harley-Davidson if it moves some motorcycle producti‚Ä¶ https://t.co/Gu85fS7Ulr",-0.3182,0.0,0.126,0.874,52
CNN,Tue Aug 14 13:41:43 +0000 2018,"JUST IN: At least 20 people dead and at least 13 injured after a section of a highway bridge collapsed in Genoa, It‚Ä¶ https://t.co/sdZ7Gv9J4m",-0.8442,0.0,0.324,0.676,51
CNN,Tue Aug 14 13:40:07 +0000 2018,"A Utah man died flying a plane into his home, where his wife and her son were, hours after he was arrested for dome‚Ä¶ https://t.co/sDnQa7YOli",-0.7717,0.0,0.242,0.758,50
CNN,Tue Aug 14 13:30:15 +0000 2018,"Aretha Franklin, the ""Queen of Soul,"" is in hospice care at her home, a source close to the 76-year-old singer says‚Ä¶ https://t.co/D5DXg2AEah",0.4939,0.138,0.0,0.862,49
CNN,Tue Aug 14 13:20:08 +0000 2018,The Upper Midwest swung to Trump in 2016. It may swing back to the Democrats in 2018. | Analysis by‚Ä¶ https://t.co/NMnAO1r0ZN,0.0,0.0,0.0,1.0,48
CNN,Tue Aug 14 13:10:06 +0000 2018,Former Ohio State wide receivers coach Zach Smith says he kept a 2013 arrest secret from Buckeyes head coach Urban‚Ä¶ https://t.co/nxcowCr4DD,-0.34,0.0,0.112,0.888,47
CNN,Tue Aug 14 13:00:11 +0000 2018,Florida governor declares emergency over red tide for 7 counties https://t.co/OjY1TMut5b https://t.co/16wkvDMFgU,-0.3818,0.0,0.206,0.794,46
CNN,Tue Aug 14 12:49:08 +0000 2018,"President Trump calls former White House staffer Omarosa Manigault Newman a ""dog"" https://t.co/Dg7gMpTI7g https://t.co/4lNcQNwRpB",0.0,0.0,0.0,1.0,45
CNN,Tue Aug 14 12:33:01 +0000 2018,Vermont's Christine Hallquist could become America's first transgender governor https://t.co/ixGI1kwwoF https://t.co/kS2z4DWiUU,0.0,0.0,0.0,1.0,44
CNN,Tue Aug 14 12:20:12 +0000 2018,How America's foreclosure capital came back from the dead https://t.co/yeXKPLJW9Z https://t.co/rLT7WmoW1b,-0.7003,0.0,0.392,0.608,43
CNN,Tue Aug 14 12:10:10 +0000 2018,"Several people have died after a section of a highway bridge in Genoa collapsed on Tuesday, according to rescue sou‚Ä¶ https://t.co/3XXxLpEmy6",-0.34,0.132,0.228,0.64,42
CNN,Tue Aug 14 12:05:17 +0000 2018,"Top business headlines with @ChristineRomans before the opening bell:

- Turkey‚Äôs currency crisis fuels fear of glo‚Ä¶ https://t.co/piNl737fUS",-0.7579,0.078,0.316,0.606,41
CNN,Tue Aug 14 11:51:06 +0000 2018,She's the youngest face transplant recipient in US history and now hopes to use her historic surgery to raise aware‚Ä¶ https://t.co/HRzp7ZTIjt,0.4215,0.123,0.0,0.877,40
CNN,Tue Aug 14 11:42:14 +0000 2018,Highway bridge collapses in Italy after violent storm https://t.co/DZoBCfCtvY https://t.co/lSXAyF0kkG,-0.7269,0.0,0.433,0.567,39
CNN,Tue Aug 14 11:28:35 +0000 2018,Report will detail sexual abuse by more than 300 priests in Pennsylvania's Catholic Church https://t.co/FoVmFMTItu https://t.co/6dpgvtAo0O,-0.6369,0.0,0.219,0.781,38
CNN,Tue Aug 14 11:13:49 +0000 2018,"Heavy rain is expected to continue falling in Pennsylvania and New York, with flood warnings in place Tuesday throu‚Ä¶ https://t.co/8u3oDtUOoe",-0.4215,0.0,0.174,0.826,37
CNN,Tue Aug 14 11:11:05 +0000 2018,"RT @cnni: NEW UPDATES from police on Westminster car crash: 
‚Ä¢ Appears deliberate
‚Ä¢ Being treated as a terrorist incident
‚Ä¢ Suspect arreste‚Ä¶",-0.8625,0.0,0.375,0.625,36
CNN,Tue Aug 14 10:53:40 +0000 2018,The Florida man charged with manslaughter after shooting another man in a convenience store parking lot previously‚Ä¶ https://t.co/gThhJjZz8A,-0.2023,0.0,0.101,0.899,35
CNN,Tue Aug 14 10:43:50 +0000 2018,"A Florida state house candidate admitted to posting an inaccurate diploma from Miami University in Oxford, Ohio, th‚Ä¶ https://t.co/qNWA9FtL10",0.1027,0.076,0.0,0.924,34
CNN,Tue Aug 14 10:37:52 +0000 2018,"Aretha Franklin, the ""Queen of Soul,"" is in hospice care at her home, a source close to the 76-year-old singer says‚Ä¶ https://t.co/d2NYjN1V0S",0.4939,0.138,0.0,0.862,33
CNN,Tue Aug 14 10:29:49 +0000 2018,"Today's primaries in Connecticut, Minnesota, Vermont and Wisconsin set up some of the most crucial races in Novembe‚Ä¶ https://t.co/LtUOzkjc65",0.0,0.0,0.0,1.0,32
CNN,Tue Aug 14 10:19:46 +0000 2018,"CNN poll: Most Americans, including majorities across party lines, would like to see special counsel Mueller try to‚Ä¶ https://t.co/5tC3mTkYRA",0.7845,0.331,0.0,0.669,31
CNN,Tue Aug 14 10:06:36 +0000 2018,JUST IN: The man who crashed his car into security barriers outside the UK's Houses of Parliament was arrested on s‚Ä¶ https://t.co/5ipiMU2L9B,-0.1779,0.094,0.122,0.784,30
CNN,Tue Aug 14 09:59:36 +0000 2018,Her world ended when her children were murdered in Rwanda's genocide. But raising dozens of orphans saved her life‚Ä¶ https://t.co/8EzpqGwdvX,-0.3818,0.111,0.175,0.714,29
CNN,Tue Aug 14 09:51:58 +0000 2018,"When it comes to gay rights, Lebanon is known as one of the more liberal countries in the Middle East ‚Äî yet homosex‚Ä¶ https://t.co/7TcfdAjznO",0.0,0.0,0.0,1.0,28
CNN,Tue Aug 14 09:44:30 +0000 2018,"A Utah man died flying a plane into his home, where his wife and her son were, hours after he was arrested for dome‚Ä¶ https://t.co/GsOjCpTifK",-0.7717,0.0,0.242,0.758,27
CNN,Tue Aug 14 09:32:57 +0000 2018,"Paris has installed new open-air urinals, and they're...not exactly subtle https://t.co/5m0GX27NYd https://t.co/wPYnTfdHAJ",0.0,0.0,0.0,1.0,26
CNN,Tue Aug 14 09:21:36 +0000 2018,Two people were injured in the Westminster incident during London's rush hour. The injuries were not believed to be‚Ä¶ https://t.co/hH6nYfux8a,-0.4019,0.0,0.124,0.876,25
CNN,Tue Aug 14 09:10:19 +0000 2018,Donald Trump's son-in-law Jared Kushner is now officially part of the trove of evidence in Paul Manafort's criminal‚Ä¶ https://t.co/UmsMiq4qZ2,0.0,0.0,0.0,1.0,24
CNN,Tue Aug 14 09:00:55 +0000 2018,"A Florida man threatened people 3 different times before shooting man in latest ""stand your ground"" case‚Ä¶ https://t.co/8L67gJZEJl",-0.4588,0.0,0.167,0.833,23
CNN,Tue Aug 14 08:35:03 +0000 2018,"A Florida state house candidate admitted to posting an inaccurate diploma from Miami University in Oxford, Ohio, th‚Ä¶ https://t.co/CpWS7BTLTr",0.1027,0.076,0.0,0.924,22
CNN,Tue Aug 14 08:27:42 +0000 2018,Nebraska is scheduled to carry out its first execution using lethal injection in state history on Tuesday https://t.co/dlgqU5y9u3,0.0,0.0,0.0,1.0,21
CNN,Tue Aug 14 08:21:02 +0000 2018,Video captures the moment a male driver is arrested after a car crashed into a security barrier outside the UK Hous‚Ä¶ https://t.co/33YrsOYjtX,-0.296,0.104,0.2,0.696,20
CNN,Tue Aug 14 08:10:00 +0000 2018,"Sirens sound as police race towards the UK Houses of Parliament after a car crashed into a security barrier, injuri‚Ä¶ https://t.co/SXE8ObVlQT",0.2263,0.115,0.072,0.813,19
CNN,Tue Aug 14 08:06:10 +0000 2018,"RT @cnni: JUST IN: Sirens sound as police race towards the UK Houses of Parliament after a car crashed into a security barrier, injuring a‚Ä¶",0.2263,0.096,0.06,0.843,18
CNN,Tue Aug 14 07:42:53 +0000 2018,"A man has been arrested after his car crashed into a security barrier outside the UK Houses of Parliament, in centr‚Ä¶ https://t.co/ZypP9kjLu9",-0.296,0.1,0.192,0.708,17
CNN,Tue Aug 14 07:31:21 +0000 2018,"This video of a Baltimore police officer beating a man has led to the officer's suspension. Another officer, who di‚Ä¶ https://t.co/DuolBldhQI",-0.4588,0.0,0.143,0.857,16
CNN,Tue Aug 14 07:17:33 +0000 2018,A man has been arrested after his car crashed into a security barrier outside the UK Houses of Parliament in centra‚Ä¶ https://t.co/JfKno7gZFN,-0.296,0.1,0.192,0.708,15
CNN,Tue Aug 14 07:15:05 +0000 2018,"President Donald Trump said it's ""great"" that consumers might boycott Harley-Davidson if it moves some motorcycle p‚Ä¶ https://t.co/9cETAUB3Zc",-0.3182,0.0,0.119,0.881,14
CNN,Tue Aug 14 07:07:40 +0000 2018,"These cars were swept off a dealership lot in Little Falls, New Jersey, after rain showers and thunderstorms caused‚Ä¶ https://t.co/1QcR9wR4yn",0.0,0.0,0.0,1.0,13
CNN,Tue Aug 14 07:00:12 +0000 2018,"Nine Guatemalan children were reunited with their parents, months after they had been separated at the US border as‚Ä¶ https://t.co/qKKBzf52pg",0.0,0.0,0.0,1.0,12
CNN,Tue Aug 14 06:52:06 +0000 2018,Actor Idris Elba's tweets spark further speculation that he will play the next James Bond https://t.co/MPoJ8d7kOK https://t.co/jPaLTMYAfS,0.5106,0.223,0.0,0.777,11
CNN,Tue Aug 14 06:45:02 +0000 2018,A female orca whale who swam with the body of her dead calf for more than two weeks has stopped carrying the carcas‚Ä¶ https://t.co/6nFa4Ct2Yw,-0.7351,0.0,0.228,0.772,10
CNN,Tue Aug 14 06:35:04 +0000 2018,"The FBI had ""the power, but not the right"" to fire now-former agent Peter Strzok for his anti-President Trump texts‚Ä¶ https://t.co/vDsxiRhw0e",-0.4767,0.0,0.134,0.866,9
CNN,Tue Aug 14 06:30:03 +0000 2018,"The United States ambassador to the UK has called on Britain to side with President Donald Trump on Iran or risk ""s‚Ä¶ https://t.co/QkIrnflYGm",0.1779,0.108,0.081,0.811,8
CNN,Tue Aug 14 06:15:07 +0000 2018,This data point should make Democrats nervous https://t.co/coXkSWIDZo | Analysis By Chris Cillizza https://t.co/Rb0l51fBg3,-0.2732,0.0,0.149,0.851,7
CNN,Tue Aug 14 06:10:03 +0000 2018,"For the fourth time, Democrats in Wisconsin believe they have a chance to finally defeat Gov. Scott Walker and stee‚Ä¶ https://t.co/MIclXAxF1b",-0.25,0.087,0.13,0.783,6
CNN,Tue Aug 14 06:00:19 +0000 2018,"New video, taken by one of the Yemeni schoolboys killed in a Saudi-led coalition airstrike on a school bus last wee‚Ä¶ https://t.co/V173TeaETy",-0.6705,0.0,0.191,0.809,5
CNN,Tue Aug 14 05:45:05 +0000 2018,Scores of newspapers across America will take part in an editorial-writing initiative in defense of the press https://t.co/NI4BTtfv1a,0.128,0.081,0.0,0.919,4
CNN,Tue Aug 14 05:30:13 +0000 2018,"""People with disabilities in America are still extraordinarily underemployed and more likely to be out of the workf‚Ä¶ https://t.co/hhgk9HP0lz",0.0,0.0,0.0,1.0,3
CNN,Tue Aug 14 05:26:23 +0000 2018,Why isn't Omarosa Manigault Newman's book a best-seller? @brianstelter has a few theories https://t.co/v8QIKFcPgT,0.0,0.0,0.0,1.0,2
CNN,Tue Aug 14 05:22:03 +0000 2018,"A Utah man died flying a plane into his home, where his wife and her son were, hours after he was arrested for dome‚Ä¶ https://t.co/YQDYmwCmo9",-0.7717,0.0,0.242,0.758,1
FoxNews,Tue Aug 14 18:22:50 +0000 2018,Awaiting: @WhiteHouse press briefing https://t.co/Bt6YxPjwMo,0.0,0.0,0.0,1.0,100
FoxNews,Tue Aug 14 18:05:21 +0000 2018,Ocasio-Cortez claims have fact-checkers working overtime https://t.co/T1c9jm8Xhb,0.0,0.0,0.0,1.0,99
FoxNews,Tue Aug 14 17:59:40 +0000 2018,.@DarrellIssa: ‚ÄúIt was right. It was time. It was perhaps even too late.‚Äù https://t.co/JXUeNWcQDY #OutnumberedOT https://t.co/68BQaQ48Fi,0.0,0.0,0.0,1.0,98
FoxNews,Tue Aug 14 17:49:01 +0000 2018,".@VP Mike Pence delivers remarks at a ""Tax Cuts to Put America First"" event. https://t.co/JYW9hYl1iL",-0.296,0.0,0.145,0.855,97
FoxNews,Tue Aug 14 17:32:44 +0000 2018,Teen baseball star paralyzed in diving accident https://t.co/BnkzXXpDms,-0.4215,0.125,0.298,0.577,96
FoxNews,Tue Aug 14 17:16:32 +0000 2018,Amazon Prime spree: 6-year-old 'scammer in the making' orders herself $350 worth of toys https://t.co/vYPo2TKicj,0.3818,0.217,0.0,0.783,95
FoxNews,Tue Aug 14 17:02:53 +0000 2018,A baby's adorable reaction to a doll resembling his dad -- who's deployed with the Army overseas -- was caught on v‚Ä¶ https://t.co/dgpcpCJ3MX,0.4939,0.138,0.0,0.862,94
FoxNews,Tue Aug 14 16:55:00 +0000 2018,"Ford Ranger pickup returns, price revealed https://t.co/bZIGBqq8Nd",0.0,0.0,0.0,1.0,93
FoxNews,Tue Aug 14 16:52:54 +0000 2018,"Mark Wahlberg's character in 'Mile 22' inspired by Steve Bannon, according to director https://t.co/wNwkrF8L7q",0.4939,0.198,0.0,0.802,92
FoxNews,Tue Aug 14 16:50:44 +0000 2018,RT @FoxBusiness: Kroger grocery unit bans Visa credit cards https://t.co/1LfmHEISzN,0.3818,0.224,0.0,0.776,91
FoxNews,Tue Aug 14 16:48:43 +0000 2018,RT @FoxBusiness: NFL anthem protests: Florida police union offers olive branch to players https://t.co/RwJiZMRKOo,-0.2263,0.0,0.128,0.872,90
FoxNews,Tue Aug 14 16:40:00 +0000 2018,"Colorado school district slashes Mondays, begins 4-day school week https://t.co/ukdgQVDMwk",-0.2023,0.0,0.167,0.833,89
FoxNews,Tue Aug 14 16:39:24 +0000 2018,".@LeaFOXNews: Peter Strzok was a leader in the FBI, and he betrayed the core principles of the FBI. #Outnumbered‚Ä¶ https://t.co/HumCaYjvgU",-0.6124,0.0,0.182,0.818,88
FoxNews,Tue Aug 14 16:25:00 +0000 2018,"Brandon Judd: ""Any drop is going to be considered good. We have to sustain that drop."" https://t.co/Gh16DYqfDV",0.2023,0.145,0.105,0.75,87
FoxNews,Tue Aug 14 16:16:53 +0000 2018,"JUST IN: Defense rests in Manafort case, ex-Trump campaign chairman not called to stand https://t.co/ZFtq9QXFyy",0.128,0.097,0.0,0.903,86
FoxNews,Tue Aug 14 16:15:00 +0000 2018,"Rascal Flatts concert stopped over bomb threat, police say https://t.co/NPR15a4c55",-0.8176,0.0,0.548,0.452,85
FoxNews,Tue Aug 14 16:05:00 +0000 2018,.@RepMcSally on @AmericaNewsroom: ‚ÄúWe are going to invest in America‚Äôs strength and America‚Äôs military so that they‚Ä¶ https://t.co/66lThSo42t,0.4939,0.158,0.0,0.842,84
FoxNews,Tue Aug 14 15:55:00 +0000 2018,"NASA's Mars Opportunity rover, $400M spacecraft, missing in Martian dust storm for 2 months https://t.co/tJQDvOQAD6",0.1531,0.165,0.129,0.706,83
FoxNews,Tue Aug 14 15:53:25 +0000 2018,.@RepMcSally: ‚ÄúWe must remain vigilant.‚Äù @AmericaNewsroom https://t.co/SMucl6nSkS https://t.co/IV264s3cOA,0.0,0.0,0.0,1.0,82
FoxNews,Tue Aug 14 15:48:26 +0000 2018,"JUST IN: Trump campaign files complaint against Omarosa, says she breached confidentiality agreement https://t.co/Qg7AbXHg8D",0.25,0.184,0.126,0.69,81
FoxNews,Tue Aug 14 18:22:50 +0000 2018,Awaiting: @WhiteHouse press briefing https://t.co/Bt6YxPjwMo,0.0,0.0,0.0,1.0,80
FoxNews,Tue Aug 14 18:05:21 +0000 2018,Ocasio-Cortez claims have fact-checkers working overtime https://t.co/T1c9jm8Xhb,0.0,0.0,0.0,1.0,79
FoxNews,Tue Aug 14 17:59:40 +0000 2018,.@DarrellIssa: ‚ÄúIt was right. It was time. It was perhaps even too late.‚Äù https://t.co/JXUeNWcQDY #OutnumberedOT https://t.co/68BQaQ48Fi,0.0,0.0,0.0,1.0,78
FoxNews,Tue Aug 14 17:49:01 +0000 2018,".@VP Mike Pence delivers remarks at a ""Tax Cuts to Put America First"" event. https://t.co/JYW9hYl1iL",-0.296,0.0,0.145,0.855,77
FoxNews,Tue Aug 14 17:32:44 +0000 2018,Teen baseball star paralyzed in diving accident https://t.co/BnkzXXpDms,-0.4215,0.125,0.298,0.577,76
FoxNews,Tue Aug 14 17:16:32 +0000 2018,Amazon Prime spree: 6-year-old 'scammer in the making' orders herself $350 worth of toys https://t.co/vYPo2TKicj,0.3818,0.217,0.0,0.783,75
FoxNews,Tue Aug 14 17:02:53 +0000 2018,A baby's adorable reaction to a doll resembling his dad -- who's deployed with the Army overseas -- was caught on v‚Ä¶ https://t.co/dgpcpCJ3MX,0.4939,0.138,0.0,0.862,74
FoxNews,Tue Aug 14 16:55:00 +0000 2018,"Ford Ranger pickup returns, price revealed https://t.co/bZIGBqq8Nd",0.0,0.0,0.0,1.0,73
FoxNews,Tue Aug 14 16:52:54 +0000 2018,"Mark Wahlberg's character in 'Mile 22' inspired by Steve Bannon, according to director https://t.co/wNwkrF8L7q",0.4939,0.198,0.0,0.802,72
FoxNews,Tue Aug 14 16:50:44 +0000 2018,RT @FoxBusiness: Kroger grocery unit bans Visa credit cards https://t.co/1LfmHEISzN,0.3818,0.224,0.0,0.776,71
FoxNews,Tue Aug 14 16:48:43 +0000 2018,RT @FoxBusiness: NFL anthem protests: Florida police union offers olive branch to players https://t.co/RwJiZMRKOo,-0.2263,0.0,0.128,0.872,70
FoxNews,Tue Aug 14 16:40:00 +0000 2018,"Colorado school district slashes Mondays, begins 4-day school week https://t.co/ukdgQVDMwk",-0.2023,0.0,0.167,0.833,69
FoxNews,Tue Aug 14 16:39:24 +0000 2018,".@LeaFOXNews: Peter Strzok was a leader in the FBI, and he betrayed the core principles of the FBI. #Outnumbered‚Ä¶ https://t.co/HumCaYjvgU",-0.6124,0.0,0.182,0.818,68
FoxNews,Tue Aug 14 16:25:00 +0000 2018,"Brandon Judd: ""Any drop is going to be considered good. We have to sustain that drop."" https://t.co/Gh16DYqfDV",0.2023,0.145,0.105,0.75,67
FoxNews,Tue Aug 14 16:16:53 +0000 2018,"JUST IN: Defense rests in Manafort case, ex-Trump campaign chairman not called to stand https://t.co/ZFtq9QXFyy",0.128,0.097,0.0,0.903,66
FoxNews,Tue Aug 14 16:15:00 +0000 2018,"Rascal Flatts concert stopped over bomb threat, police say https://t.co/NPR15a4c55",-0.8176,0.0,0.548,0.452,65
FoxNews,Tue Aug 14 16:05:00 +0000 2018,.@RepMcSally on @AmericaNewsroom: ‚ÄúWe are going to invest in America‚Äôs strength and America‚Äôs military so that they‚Ä¶ https://t.co/66lThSo42t,0.4939,0.158,0.0,0.842,64
FoxNews,Tue Aug 14 15:55:00 +0000 2018,"NASA's Mars Opportunity rover, $400M spacecraft, missing in Martian dust storm for 2 months https://t.co/tJQDvOQAD6",0.1531,0.165,0.129,0.706,63
FoxNews,Tue Aug 14 15:53:25 +0000 2018,.@RepMcSally: ‚ÄúWe must remain vigilant.‚Äù @AmericaNewsroom https://t.co/SMucl6nSkS https://t.co/IV264s3cOA,0.0,0.0,0.0,1.0,62
FoxNews,Tue Aug 14 15:48:26 +0000 2018,"JUST IN: Trump campaign files complaint against Omarosa, says she breached confidentiality agreement https://t.co/Qg7AbXHg8D",0.25,0.184,0.126,0.69,61
FoxNews,Tue Aug 14 15:45:00 +0000 2018,"GoFundMe Page Raises $250,000 for Peter Strzok After Firing From FBI https://t.co/P3KeQGPBg4",-0.34,0.0,0.179,0.821,60
FoxNews,Tue Aug 14 15:35:00 +0000 2018,Red tide along Florida's Gulf Coast leads Gov. Scott to declare state of emergency https://t.co/xr8WpklZUJ,-0.3818,0.0,0.157,0.843,59
FoxNews,Tue Aug 14 15:20:00 +0000 2018,Girl Scouts debut Caramel Chocolate Chip Cookie 'with a hint of sea salt' https://t.co/hhDs9J8KNT,0.0,0.0,0.0,1.0,58
FoxNews,Tue Aug 14 15:15:00 +0000 2018,.@AlanDersh: Strzok Should Have Recused Himself From Russia Probe &amp; So Should Rosenstein https://t.co/kDb2yOBpDF,0.0,0.0,0.0,1.0,57
FoxNews,Tue Aug 14 15:10:00 +0000 2018,"Rob Tibbetts: ‚ÄúIn all of the interviews that they‚Äôve conducted, they were really struck by the fact that no one had‚Ä¶ https://t.co/ZdTikpawjm",-0.796,0.0,0.299,0.701,56
FoxNews,Tue Aug 14 15:05:00 +0000 2018,"Supermassive black hole found in tiny galaxy, wowing researchers https://t.co/yD4E1hdoSg",0.5423,0.28,0.0,0.72,55
FoxNews,Tue Aug 14 14:55:00 +0000 2018,"Arizona woman, 19, disappears after sending strange text to roommate https://t.co/Lbw6zGt7ZZ",-0.4939,0.0,0.318,0.682,54
FoxNews,Tue Aug 14 14:49:50 +0000 2018,"On this day in 1945, thousands jammed New York‚Äôs Times Square after President Truman announced Japan's unconditiona‚Ä¶ https://t.co/1xtsh3BHEt",0.0,0.0,0.0,1.0,53
FoxNews,Tue Aug 14 14:47:23 +0000 2018,".@cvpayne: We are seeing low taxes, low unemployment rates, low regulatory rates, those things are working.‚Ä¶ https://t.co/KqQrf8RAxt",-0.802,0.0,0.414,0.586,52
FoxNews,Tue Aug 14 14:45:00 +0000 2018,Massachusetts mayor won‚Äôt drink Sam Adams beer after brewery founder thanks Trump for tax cuts https://t.co/vnbR8sCAln,0.1779,0.152,0.115,0.733,51
FoxNews,Tue Aug 14 14:40:00 +0000 2018,New Mexico compound judge has history of issuing low bail to violent offenders https://t.co/FhoVYzOdw1,-0.8176,0.0,0.436,0.564,50
FoxNews,Tue Aug 14 14:38:00 +0000 2018,"Daniel Hoffman: ""The president is, I think, absolutely right to upgrade our capabilities and bring us into the 21st‚Ä¶ https://t.co/4tTmrfd45b",0.0,0.0,0.0,1.0,49
FoxNews,Tue Aug 14 14:35:00 +0000 2018,New York subway riders attack conductor after announcement train would be making only express stops https://t.co/ksS9Ft4XyB,-0.5719,0.0,0.251,0.749,48
FoxNews,Tue Aug 14 14:30:21 +0000 2018,.@POTUS signs $717 billion defense bill @AmericaNewsroom https://t.co/tB5lJhSjdS,0.128,0.176,0.0,0.824,47
FoxNews,Tue Aug 14 14:30:00 +0000 2018,.@AlanDersh on Peter Strzok: ‚ÄúHe should‚Äôve recused himself.‚Äù https://t.co/JXUeNWurvw @AmericaNewsroom https://t.co/j6V8uxBOy6,0.0,0.0,0.0,1.0,46
FoxNews,Tue Aug 14 14:25:00 +0000 2018,"Son of GOP Rep. Goodlatte Calls Peter Strzok a 'Patriot,' Blasts His Father https://t.co/vo4Eepbc3P",0.0,0.0,0.0,1.0,45
FoxNews,Tue Aug 14 14:20:01 +0000 2018,.@KellyannePolls: ‚ÄúIt gives revenue and respect to a military that received‚Ä¶too little of it for far too long.‚Äù‚Ä¶ https://t.co/wnJgCBfUFe,0.4767,0.154,0.0,0.846,44
FoxNews,Tue Aug 14 14:06:46 +0000 2018,.@KellyannePolls reacts to FBI firing Peter Strzok https://t.co/JXUeNWcQDY @AmericaNewsroom https://t.co/j0qdm0KO91,-0.34,0.0,0.211,0.789,43
FoxNews,Tue Aug 14 14:05:00 +0000 2018,Trump calls Omarosa a ‚Äòdog‚Äô as war over salacious memoir explodes (via @brookefoxnews) https://t.co/KMWG6htlCc,-0.5994,0.0,0.245,0.755,42
FoxNews,Tue Aug 14 13:46:55 +0000 2018,RT @FoxBusiness: Trump: Troops to see ‚Äòbiggest pay increase‚Äô in a decade  https://t.co/mTQGqg9gmT,-0.1027,0.0,0.113,0.887,41
FoxNews,Tue Aug 14 13:46:44 +0000 2018,"RT @FoxBusiness: FBI fires Peter Strzok: ‚ÄòIt‚Äôs ‚Äòabout time,‚Äô Jim Jordan says  https://t.co/oer9cNGXia",0.0,0.0,0.0,1.0,40
FoxNews,Tue Aug 14 13:46:25 +0000 2018,"RT @FoxBusiness: US retail sales expected to beat expectations in 2018, but tariffs loom https://t.co/oT7s1kpKn0",-0.3291,0.0,0.144,0.856,39
FoxNews,Tue Aug 14 13:46:19 +0000 2018,RT @FoxBusiness: Small business optimism at 35-year high https://t.co/9AqnQdqy9z,0.5423,0.304,0.0,0.696,38
FoxNews,Tue Aug 14 13:41:53 +0000 2018,".@GOPChairwoman: ‚ÄúDemocrats are only offering resistance, we‚Äôre talking about results for the American people.‚Äù https://t.co/dQmZETBYu4",0.0,0.0,0.0,1.0,37
FoxNews,Tue Aug 14 13:41:43 +0000 2018,"Breaking News UPDATE: 22 people dead in Italian bridge collapse, official says, doubling initial tally https://t.co/9u5q1x0tlE",-0.8176,0.0,0.349,0.651,36
FoxNews,Tue Aug 14 13:12:12 +0000 2018,Florida House candidate accused of lying about college degree apologizes for 'mistake' https://t.co/PR0LNPhNAK,-0.4767,0.138,0.309,0.552,35
FoxNews,Tue Aug 14 13:02:09 +0000 2018,"Mollie Tibbetts search now focusing on car wash, truck stop and areas in and around Brooklyn, Iowa https://t.co/moMx86xW2x",-0.296,0.0,0.115,0.885,34
FoxNews,Tue Aug 14 12:55:31 +0000 2018,".@CLewandowski_: ‚ÄúI have been around President Trump a long time, thousands of hours. Never have I heard him use a‚Ä¶ https://t.co/cayfgEfYvN",0.0,0.0,0.0,1.0,33
FoxNews,Tue Aug 14 12:47:52 +0000 2018,Stunning sphinx discovery: Workers make incredible find while fixing road https://t.co/me1bsjnCkC,0.3818,0.206,0.0,0.794,32
FoxNews,Tue Aug 14 12:33:00 +0000 2018,"World's biggest catapult opens in New Zealand, launches thrill-seekers almost 500 feet https://t.co/ddbOL8uOVb",0.0,0.0,0.0,1.0,31
FoxNews,Tue Aug 14 12:30:00 +0000 2018,Jake Zweig: ‚ÄúWe‚Äôre going to have to take a different approach...What we're doing isn't working at this point.‚Äù‚Ä¶ https://t.co/AhkPmNmi3b,0.0,0.0,0.0,1.0,30
FoxNews,Tue Aug 14 12:24:45 +0000 2018,"Breaking News: At least 11 people, including a child, dead in Italian bridge collapse, report says https://t.co/9u5q1x0tlE",-0.8176,0.0,0.349,0.651,29
FoxNews,Tue Aug 14 12:01:46 +0000 2018,"‚ÄúYou don‚Äôt think about what you‚Äôre doing in the moment as heroic or valorous or anything, you‚Äôre just, you‚Äôre doing‚Ä¶ https://t.co/LOjY05Rwox",0.5574,0.153,0.0,0.847,28
FoxNews,Tue Aug 14 11:55:37 +0000 2018,A view of the collapsed Morandi highway bridge in Italy. The raised highway collapsed during a sudden and violent s‚Ä¶ https://t.co/h03fgVn5Kp,-0.7964,0.0,0.336,0.664,27
FoxNews,Tue Aug 14 11:26:27 +0000 2018,"Aretha Franklin is 'alert' and resting at home, family member says https://t.co/J4GVQoVz6s",0.0,0.0,0.0,1.0,26
FoxNews,Tue Aug 14 11:25:55 +0000 2018,The Latest: Compound defendants to be released pending trial https://t.co/cs8obvwL65,0.0,0.0,0.0,1.0,25
FoxNews,Tue Aug 14 10:51:49 +0000 2018,Governor battles heat up Tuesday: Dems at risk of losing another New England seat https://t.co/hwBeSQkvfm,-0.743,0.0,0.378,0.622,24
FoxNews,Tue Aug 14 10:36:56 +0000 2018,"JUST IN: Italian bridge in Genoa collapses, police say https://t.co/9u5q1x0tlE",-0.296,0.0,0.196,0.804,23
FoxNews,Tue Aug 14 10:18:38 +0000 2018,"Democrats view socialism more favorably than capitalism, Gallup says https://t.co/d3CNyQGGb4",0.4391,0.243,0.0,0.757,22
FoxNews,Tue Aug 14 10:17:55 +0000 2018,Army Green Beret dies after IED explosion in southern Afghanistan https://t.co/RIKJqjSNCf https://t.co/gLCFNq65gM,0.0,0.0,0.0,1.0,21
FoxNews,Tue Aug 14 10:10:30 +0000 2018,.@CarleyShimkus is live with the ‚ÄòFox News Update‚Äô on Facebook Watch: https://t.co/hNrB8xzepH https://t.co/fbbaibwI2F,0.0,0.0,0.0,1.0,20
FoxNews,Tue Aug 14 09:54:49 +0000 2018,Cleveland Indians outfielder in stable condition after suffering life-threatening bacterial infection https://t.co/REvdAc70kY,-0.2263,0.144,0.203,0.654,19
FoxNews,Tue Aug 14 09:49:54 +0000 2018,"British police treating car ramming as terror incident, suspect in custody https://t.co/zS5qJTFFT4",-0.6808,0.0,0.359,0.641,18
FoxNews,Tue Aug 14 09:39:06 +0000 2018,.@algore says Trump had ‚Äòless of an environmental impact so far‚Äô than previously feared https://t.co/NT0VATcvs7,-0.4939,0.0,0.186,0.814,17
FoxNews,Tue Aug 14 09:30:17 +0000 2018,Japanese vending machine dispenses entire fresh-baked pizzas for under $12 https://t.co/Gjt7p4gvGR,0.0,0.0,0.0,1.0,16
FoxNews,Tue Aug 14 09:26:13 +0000 2018,New body cam video shows police racing to evacuate animals from a shelter in California as the rapidly spreading Ne‚Ä¶ https://t.co/p59rewOSvg,0.0,0.0,0.0,1.0,15
FoxNews,Tue Aug 14 09:25:07 +0000 2018,Ohio mother's 'grateful' note to 19-year-old who bought her Starbucks coffee goes viral https://t.co/YQKq9Vyi8y,0.0,0.0,0.0,1.0,14
FoxNews,Tue Aug 14 09:22:25 +0000 2018,Five States Holding Primaries Today https://t.co/xJWFLAF6bn,0.0,0.0,0.0,1.0,13
FoxNews,Tue Aug 14 09:12:57 +0000 2018,President @realDonaldTrump Signs $717B Spending Bill https://t.co/F8JPFr8eW7,0.0,0.0,0.0,1.0,12
FoxNews,Tue Aug 14 09:01:30 +0000 2018,"Judge allows release of suspects linked to 'extremist Muslim' compound ahead of trial, as sickening accusations eme‚Ä¶ https://t.co/HpN1RifJcI",-0.7964,0.0,0.351,0.649,11
FoxNews,Tue Aug 14 08:56:22 +0000 2018,"""It's a simple message, but I believe it's a powerful message.""

State Rep. David Standridge sponsored the original‚Ä¶ https://t.co/76zE3I0Rb6",0.5719,0.198,0.0,0.802,10
FoxNews,Tue Aug 14 08:49:17 +0000 2018,"Scientists study how wildfire smoke affects people, environment https://t.co/PiYoXpPFfX https://t.co/u957V0JMQK",0.0,0.0,0.0,1.0,9
FoxNews,Tue Aug 14 08:48:10 +0000 2018,"Car slams into pedestrians, barriers outside Parliament; Britain's counter-terror command investigates‚Ä¶ https://t.co/A8mmOudStA",0.0,0.0,0.0,1.0,8
FoxNews,Tue Aug 14 08:43:57 +0000 2018,Manafort's lawyers to make case after prosecution rests https://t.co/esS9KdCgGR https://t.co/A8pLbKNReR,-0.4939,0.0,0.262,0.738,7
FoxNews,Tue Aug 14 08:40:35 +0000 2018,Army Green Beret dies after IED explosion in southern Afghanistan https://t.co/RIKJqjSNCf https://t.co/5v6vcGuCmQ,0.0,0.0,0.0,1.0,6
FoxNews,Tue Aug 14 08:37:21 +0000 2018,Fired @FBI agent Peter Strzok sets up anti-Trump Twitter account; GoFundMe page seeks $150G https://t.co/dOa45p0nkI https://t.co/kznTdAURH3,-0.5574,0.0,0.194,0.806,5
FoxNews,Tue Aug 14 08:31:58 +0000 2018,".@MarkRockefeller: ""It sends a real strong message to our troops and their families that the American people are be‚Ä¶ https://t.co/0G4jsP635x",0.5106,0.155,0.0,0.845,4
FoxNews,Tue Aug 14 08:21:43 +0000 2018,Mollie Tibbetts investigators ask for help in identifying people who showed 'behavioral changes'‚Ä¶ https://t.co/6ymcQ7TV7B,0.4019,0.172,0.0,0.828,3
FoxNews,Tue Aug 14 08:14:45 +0000 2018,"Car collides into barriers outside Houses of Parliament, pedestrians injured, British police say‚Ä¶ https://t.co/TR5ix6ydbB",-0.5859,0.0,0.286,0.714,2
FoxNews,Tue Aug 14 08:05:00 +0000 2018,"On #Hannity, @LaraLeaTrump talked about the midterm elections. https://t.co/mfEKJttihr",0.0,0.0,0.0,1.0,1
nytimes,Tue Aug 14 18:15:04 +0000 2018,"The Department of Education has proposed replacing regulations on underperforming colleges with ""market-based accou‚Ä¶ https://t.co/9bKKshKXIs",0.0,0.0,0.0,1.0,100
nytimes,Tue Aug 14 18:06:30 +0000 2018,"The whole episode began with office renovations and a $32,000 dark blue suede sectional sofa: How lavish office dec‚Ä¶ https://t.co/tYJEt3A9Ts",0.0,0.0,0.0,1.0,99
nytimes,Tue Aug 14 18:00:12 +0000 2018,"Lyme disease is the most commonly reported vector-borne illness in the United States, so why isn‚Äôt there a vaccine‚Ä¶ https://t.co/ryuCWDxD39",0.0258,0.124,0.12,0.756,98
nytimes,Tue Aug 14 17:45:09 +0000 2018,Deep in the elephant genome is a ‚Äúzombie gene‚Äù that protects against cancer. Scientists hope it will offer a clue i‚Ä¶ https://t.co/xL1USbgdoh,-0.0516,0.195,0.165,0.639,97
nytimes,Tue Aug 14 17:30:09 +0000 2018,"Nearly 11 months after Hurricane Maria, the last people in Puerto Rico without electricity are finally getting powe‚Ä¶ https://t.co/gniu3lJWUX",0.0,0.0,0.0,1.0,96
nytimes,Tue Aug 14 17:15:12 +0000 2018,"RT @nytgraphics: Of the 44 Republicans Trump has endorsed so far, 22 have won their primaries and 4 have won in special elections, nearly a‚Ä¶",0.9022,0.377,0.0,0.623,95
nytimes,Tue Aug 14 17:00:12 +0000 2018,"What does self-care mean and to whom? Here‚Äôs a collective, non-exhaustive list of behaviors that keep us on point. https://t.co/qW2N7Fslv6",0.0,0.0,0.0,1.0,94
nytimes,Tue Aug 14 16:52:00 +0000 2018,At least 20 people are dead after a highway bridge collapse in Genoa. The disaster raises concerns about the state‚Ä¶ https://t.co/fE52trdeNs,-0.9118,0.0,0.406,0.594,93
nytimes,Tue Aug 14 16:45:04 +0000 2018,"""An unabashed celebration of luxury and money"": The New York Times review of ""Crazy Rich Asians"" https://t.co/JTnCBfuMbL",0.296,0.171,0.114,0.714,92
nytimes,Tue Aug 14 16:33:56 +0000 2018,"RT @MitchKSmith: The handwritten final statement of Carey Dean Moore, the man executed with fentanyl today in Nebraska. He acknowledges gui‚Ä¶",0.0,0.0,0.0,1.0,91
nytimes,Tue Aug 14 16:30:12 +0000 2018,"Nebraska executed a man with fentanyl, the opioid at the center of the overdose crisis. It‚Äôs the first time it‚Äôs be‚Ä¶ https://t.co/Px2Wmtppr3",-0.6249,0.0,0.17,0.83,90
nytimes,Tue Aug 14 16:15:04 +0000 2018,New Zealand is suffering an avocado shortage after two years of low harvests. Now an avocado black market has sprun‚Ä¶ https://t.co/opkM8PUhIY,-0.7351,0.0,0.286,0.714,89
nytimes,Tue Aug 14 16:00:03 +0000 2018,"RT @elizabethjdias: Readers--we are talking about @RashidaTlaib's story on the NYT page here. Would love you to join us, especially if you‚Ä¶",0.7506,0.242,0.0,0.758,88
nytimes,Tue Aug 14 15:45:05 +0000 2018,"‚ÄúOur beat is information."" Meet the research team at The New York Times, a ""mini detective agency"" that can find de‚Ä¶ https://t.co/osL9FW7sHb",0.0,0.0,0.0,1.0,87
nytimes,Tue Aug 14 15:30:14 +0000 2018,Tesla's board has created a special committee to review a potential proposal from Elon Musk about taking the compan‚Ä¶ https://t.co/Hc2LMpmyM5,0.5719,0.227,0.0,0.773,86
nytimes,Tue Aug 14 15:15:01 +0000 2018,"""I‚Äôm a black woman. I am unapologetically proud of who I am and where I come from."" Former ""National Teacher of the‚Ä¶ https://t.co/rc2xYlIMg1",0.4767,0.147,0.0,0.853,85
nytimes,Tue Aug 14 15:07:03 +0000 2018,RT @nytvideo: How could a Supreme Court shaped by Trump restrict access to abortion? Our reporter explains 3 possible scenarios. https://t.‚Ä¶,0.25,0.155,0.112,0.733,84
nytimes,Tue Aug 14 15:00:14 +0000 2018,"A former political star and presidential hopeful was acquitted of sexual assault charges on Tuesday, dealing a blow‚Ä¶ https://t.co/rJamEleAMn",-0.1531,0.219,0.244,0.537,83
nytimes,Tue Aug 14 14:45:03 +0000 2018,"RT @nickconfessore: For two decades, Facebook, Google, and the rest of Silicon Valley used wealth, prestige, and Beltway clout to protect t‚Ä¶",0.7003,0.225,0.0,0.775,82
nytimes,Tue Aug 14 14:30:16 +0000 2018,"Minnesota, Wisconsin, Connecticut and Vermont are voting. Here are some races to watch: https://t.co/v5sGXw1m7O",0.0,0.0,0.0,1.0,81
nytimes,Tue Aug 14 18:15:04 +0000 2018,"The Department of Education has proposed replacing regulations on underperforming colleges with ""market-based accou‚Ä¶ https://t.co/9bKKshKXIs",0.0,0.0,0.0,1.0,80
nytimes,Tue Aug 14 18:06:30 +0000 2018,"The whole episode began with office renovations and a $32,000 dark blue suede sectional sofa: How lavish office dec‚Ä¶ https://t.co/tYJEt3A9Ts",0.0,0.0,0.0,1.0,79
nytimes,Tue Aug 14 18:00:12 +0000 2018,"Lyme disease is the most commonly reported vector-borne illness in the United States, so why isn‚Äôt there a vaccine‚Ä¶ https://t.co/ryuCWDxD39",0.0258,0.124,0.12,0.756,78
nytimes,Tue Aug 14 17:45:09 +0000 2018,Deep in the elephant genome is a ‚Äúzombie gene‚Äù that protects against cancer. Scientists hope it will offer a clue i‚Ä¶ https://t.co/xL1USbgdoh,-0.0516,0.195,0.165,0.639,77
nytimes,Tue Aug 14 17:30:09 +0000 2018,"Nearly 11 months after Hurricane Maria, the last people in Puerto Rico without electricity are finally getting powe‚Ä¶ https://t.co/gniu3lJWUX",0.0,0.0,0.0,1.0,76
nytimes,Tue Aug 14 17:15:12 +0000 2018,"RT @nytgraphics: Of the 44 Republicans Trump has endorsed so far, 22 have won their primaries and 4 have won in special elections, nearly a‚Ä¶",0.9022,0.377,0.0,0.623,75
nytimes,Tue Aug 14 17:00:12 +0000 2018,"What does self-care mean and to whom? Here‚Äôs a collective, non-exhaustive list of behaviors that keep us on point. https://t.co/qW2N7Fslv6",0.0,0.0,0.0,1.0,74
nytimes,Tue Aug 14 16:52:00 +0000 2018,At least 20 people are dead after a highway bridge collapse in Genoa. The disaster raises concerns about the state‚Ä¶ https://t.co/fE52trdeNs,-0.9118,0.0,0.406,0.594,73
nytimes,Tue Aug 14 16:45:04 +0000 2018,"""An unabashed celebration of luxury and money"": The New York Times review of ""Crazy Rich Asians"" https://t.co/JTnCBfuMbL",0.296,0.171,0.114,0.714,72
nytimes,Tue Aug 14 16:33:56 +0000 2018,"RT @MitchKSmith: The handwritten final statement of Carey Dean Moore, the man executed with fentanyl today in Nebraska. He acknowledges gui‚Ä¶",0.0,0.0,0.0,1.0,71
nytimes,Tue Aug 14 16:30:12 +0000 2018,"Nebraska executed a man with fentanyl, the opioid at the center of the overdose crisis. It‚Äôs the first time it‚Äôs be‚Ä¶ https://t.co/Px2Wmtppr3",-0.6249,0.0,0.17,0.83,70
nytimes,Tue Aug 14 16:15:04 +0000 2018,New Zealand is suffering an avocado shortage after two years of low harvests. Now an avocado black market has sprun‚Ä¶ https://t.co/opkM8PUhIY,-0.7351,0.0,0.286,0.714,69
nytimes,Tue Aug 14 16:00:03 +0000 2018,"RT @elizabethjdias: Readers--we are talking about @RashidaTlaib's story on the NYT page here. Would love you to join us, especially if you‚Ä¶",0.7506,0.242,0.0,0.758,68
nytimes,Tue Aug 14 15:45:05 +0000 2018,"‚ÄúOur beat is information."" Meet the research team at The New York Times, a ""mini detective agency"" that can find de‚Ä¶ https://t.co/osL9FW7sHb",0.0,0.0,0.0,1.0,67
nytimes,Tue Aug 14 15:30:14 +0000 2018,Tesla's board has created a special committee to review a potential proposal from Elon Musk about taking the compan‚Ä¶ https://t.co/Hc2LMpmyM5,0.5719,0.227,0.0,0.773,66
nytimes,Tue Aug 14 15:15:01 +0000 2018,"""I‚Äôm a black woman. I am unapologetically proud of who I am and where I come from."" Former ""National Teacher of the‚Ä¶ https://t.co/rc2xYlIMg1",0.4767,0.147,0.0,0.853,65
nytimes,Tue Aug 14 15:07:03 +0000 2018,RT @nytvideo: How could a Supreme Court shaped by Trump restrict access to abortion? Our reporter explains 3 possible scenarios. https://t.‚Ä¶,0.25,0.155,0.112,0.733,64
nytimes,Tue Aug 14 15:00:14 +0000 2018,"A former political star and presidential hopeful was acquitted of sexual assault charges on Tuesday, dealing a blow‚Ä¶ https://t.co/rJamEleAMn",-0.1531,0.219,0.244,0.537,63
nytimes,Tue Aug 14 14:45:03 +0000 2018,"RT @nickconfessore: For two decades, Facebook, Google, and the rest of Silicon Valley used wealth, prestige, and Beltway clout to protect t‚Ä¶",0.7003,0.225,0.0,0.775,62
nytimes,Tue Aug 14 14:30:16 +0000 2018,"Minnesota, Wisconsin, Connecticut and Vermont are voting. Here are some races to watch: https://t.co/v5sGXw1m7O",0.0,0.0,0.0,1.0,61
nytimes,Tue Aug 14 14:20:00 +0000 2018,"‚ÄúThe toll is destined to grow,‚Äù said the chief of the Civil Protection Department. ""All the rubble must be moved,""‚Ä¶ https://t.co/bKQvEHF5Mp",0.0,0.0,0.0,1.0,60
nytimes,Tue Aug 14 14:14:05 +0000 2018,"""If they have the iPhone, there is Samsung."" Recep Tayyip Erdogan urged Turkey not to buy American products. https://t.co/YDhTL4s3Ox",0.0,0.0,0.0,1.0,59
nytimes,Tue Aug 14 14:00:13 +0000 2018,"He accused his former NYU graduate school adviser of sexually harassing him, and the university found her responsib‚Ä¶ https://t.co/wbFAE6wx38",-0.6908,0.0,0.251,0.749,58
nytimes,Tue Aug 14 13:44:05 +0000 2018,"Stephen Colbert described Omarosa Manigault Newman's memoir as ""a salacious new book filled with shocking details t‚Ä¶ https://t.co/PDtAHABgEt",-0.4019,0.0,0.137,0.863,57
nytimes,Tue Aug 14 13:31:03 +0000 2018,"President Trump called Omarosa Manigault Newman ""that dog"" in a tweet https://t.co/ps8lD02EU2",0.0,0.0,0.0,1.0,56
nytimes,Tue Aug 14 13:15:04 +0000 2018,Will a new Supreme Court with two Trump-appointed justices overrule Roe v. Wade? Here are some of the possible scen‚Ä¶ https://t.co/MYNjhnVEEc,0.5574,0.159,0.0,0.841,55
nytimes,Tue Aug 14 13:00:25 +0000 2018,Morning Briefing: Here's what you need to know to start your day https://t.co/KhNKuyB9DD https://t.co/b6K1W5YGKb,0.0,0.0,0.0,1.0,54
nytimes,Tue Aug 14 12:45:06 +0000 2018,"For years, cash was disappearing from school cafeteria registers in a town in Connecticut. On Monday, the police an‚Ä¶ https://t.co/S5uXlmOGmx",0.0,0.0,0.0,1.0,53
nytimes,Tue Aug 14 12:31:06 +0000 2018,A police officer in Baltimore has resigned after a video emerged showing him repeatedly punching a man and pinning‚Ä¶ https://t.co/NQxh4y2cVz,-0.25,0.0,0.111,0.889,52
nytimes,Tue Aug 14 12:20:09 +0000 2018,"RT @maggieNYT: Omarosa. Michael Wolff. Trump attracts people who want to play by Trump rules, including burning him down at the end after p‚Ä¶",0.6597,0.234,0.0,0.766,51
nytimes,Tue Aug 14 12:10:07 +0000 2018,"A highway bridge in Genoa collapsed Tuesday morning, killing several people as it dropped tons of concrete and stee‚Ä¶ https://t.co/NPtwu8H8wW",-0.7579,0.0,0.277,0.723,50
nytimes,Tue Aug 14 12:00:14 +0000 2018,"Your daily @DealBook Briefing:

‚Ä¢ Yep, Elon Musk was winging it.¬†

‚Ä¢ Turkey takes a breath. Should you?

‚Ä¢ Trump ba‚Ä¶ https://t.co/Qgr0c5JA5s",0.296,0.115,0.0,0.885,49
nytimes,Tue Aug 14 11:44:05 +0000 2018,President Trump studiously avoided reading the official name of the legislation ‚Äî which would have meant mentioning‚Ä¶ https://t.co/VwohAORik8,-0.34,0.0,0.13,0.87,48
nytimes,Tue Aug 14 11:30:05 +0000 2018,"RT @RichardFausset: Internal squabbling, external pressure, lawsuits, shaming, doxxing, failure: it was a very bad year for the alt-right.‚Ä¶",-0.8718,0.0,0.438,0.562,47
nytimes,Tue Aug 14 11:15:06 +0000 2018,"As a reward for its broader foray into diplomacy, North Korea wants an official end to the decades-long Korean War.‚Ä¶ https://t.co/fhprMMNHks",0.5719,0.163,0.0,0.837,46
nytimes,Tue Aug 14 11:00:04 +0000 2018,Officials in Myanmar continue to deny that there was a military-led campaign of violence against the Rohingya. But‚Ä¶ https://t.co/DfUCbOosXY,-0.7579,0.0,0.289,0.711,45
nytimes,Tue Aug 14 10:45:03 +0000 2018,The Ghazni assault has demonstrated a stunning display of Taliban tenacity that belies the official Afghan and Amer‚Ä¶ https://t.co/rXCIyRYp3v,-0.296,0.116,0.17,0.714,44
nytimes,Tue Aug 14 10:32:05 +0000 2018,China issued a blanket denial on Monday of accusations from United Nations experts that it had detained more than a‚Ä¶ https://t.co/ucyKYwzDXs,-0.296,0.113,0.202,0.685,43
nytimes,Tue Aug 14 10:22:44 +0000 2018,Breaking News: A driver in London struck and injured several people outside Parliament early Tuesday. He was arrest‚Ä¶ https://t.co/lVJl0MxJx6,-0.5719,0.0,0.227,0.773,42
nytimes,Tue Aug 14 10:16:02 +0000 2018,Bui Tin was a North Vietnamese colonel who had a prominent role in the Vietnam War's final moments. He later fled t‚Ä¶ https://t.co/KAaHkx1I9J,0.3182,0.103,0.0,0.897,41
nytimes,Tue Aug 14 10:00:08 +0000 2018,Morning Briefing: Here's what you need to know to start your day https://t.co/dYkmhJDa3f https://t.co/pLxxLgxAjp,0.0,0.0,0.0,1.0,40
nytimes,Tue Aug 14 09:43:06 +0000 2018,"Peter Strzok, the FBI agent who disparaged President Trump in text messages and helped oversee the Hillary Clinton‚Ä¶ https://t.co/ZjeWTfcLJO",-0.34,0.0,0.118,0.882,39
nytimes,Tue Aug 14 09:29:03 +0000 2018,"RT @nytimesworld: ‚ÄúBodies are lying around, they have decomposed and no one is doing anything to evacuate them,‚Äù said a Ghazni province off‚Ä¶",-0.6808,0.0,0.219,0.781,38
nytimes,Tue Aug 14 09:16:05 +0000 2018,"RT @ginakolata: The race to cure hemophilia

https://t.co/KeT13I5zXj",0.0,0.0,0.0,1.0,37
nytimes,Tue Aug 14 09:00:16 +0000 2018,Turkey's worst economic crisis since 2001 has confronted Erdogan with the limits of his authoritarian approach and‚Ä¶ https://t.co/6Z3lHidNid,-0.875,0.0,0.4,0.6,36
nytimes,Tue Aug 14 08:48:25 +0000 2018,"RT @nytimesworld: ‚ÄúI want no prisoners,‚Äù the American general said a century ago in the Philippines. ‚ÄúI wish you to kill and burn."" Now, th‚Ä¶",-0.5994,0.129,0.223,0.647,35
nytimes,Tue Aug 14 08:31:15 +0000 2018,"Barnes &amp; Noble is floundering: sales are falling, stock prices are down 60% over the last 3 years, and critics say‚Ä¶ https://t.co/8zCzb4bDY2",0.0516,0.121,0.153,0.726,34
nytimes,Tue Aug 14 08:15:03 +0000 2018,"""This is indeed a sad day and certainly no cause for anyone to celebrate,"" said John Shott, the Republican chairman‚Ä¶ https://t.co/QgaX6b8yh1",-0.4404,0.097,0.215,0.688,33
nytimes,Tue Aug 14 08:00:09 +0000 2018,"RT @nytimesworld: Ahn Hee-jung, once seen as a potential South Korean president, has been acquitted of forcing his secretary into an unwant‚Ä¶",0.25,0.091,0.0,0.909,32
nytimes,Tue Aug 14 07:53:02 +0000 2018,Clare Bronfman was an heiress to the Seagram liquor fortune. Now she's charged with conspiracy and criminal rackete‚Ä¶ https://t.co/YGEgjDYT8M,-0.8225,0.0,0.35,0.65,31
nytimes,Tue Aug 14 07:40:07 +0000 2018,"A car crashed into the gates of the Houses of Parliament in London, injuring a number of pedestrians, according to‚Ä¶ https://t.co/bLYHVcVXDY",0.0772,0.067,0.0,0.933,30
nytimes,Tue Aug 14 07:32:02 +0000 2018,"The post office atop Mt. Fuji is a popular attraction. But transporting all that mail down the 12,388-foot peak tak‚Ä¶ https://t.co/OWwZbZIfiK",0.7003,0.244,0.0,0.756,29
nytimes,Tue Aug 14 07:17:02 +0000 2018,He has been denounced by environmental groups. His boats have been sunk by radical activists. But Kristjan Loftsson‚Ä¶ https://t.co/0sHLmf7aH2,0.0,0.0,0.0,1.0,28
nytimes,Tue Aug 14 07:02:08 +0000 2018,"In California, firefighters are racing to control what has become the largest fire in state history.
In Europe, nuc‚Ä¶ https://t.co/eom7wn0Z52",-0.34,0.0,0.112,0.888,27
nytimes,Tue Aug 14 06:32:04 +0000 2018,RT @nytimesworld: Turks brace for more financial turmoil but economist warns the problem is broader and deeper than spat with the United St‚Ä¶,-0.3268,0.124,0.237,0.639,26
nytimes,Tue Aug 14 06:06:37 +0000 2018,"When you‚Äôre browsing a website and the mouse cursor disappears, it may be a computer glitch ‚Äî or it may be a delibe‚Ä¶ https://t.co/X6mIMlnKFq",-0.34,0.0,0.112,0.888,25
nytimes,Tue Aug 14 05:49:16 +0000 2018,"Because we all know that families should eat together, but sometimes it‚Äôs tough to find the time https://t.co/vcpSgikkXM",-0.1901,0.0,0.093,0.907,24
nytimes,Tue Aug 14 05:32:01 +0000 2018,RT @paulkrugman: Who‚Äôs Afraid of Nancy Pelosi? https://t.co/5GxxIN9nTU,0.0,0.0,0.0,1.0,23
nytimes,Tue Aug 14 05:02:03 +0000 2018,The VF Corporation has been in the jeans business for decades. But now it's parting with mainstay brands like Wrang‚Ä¶ https://t.co/mv3cSUVpj8,0.3612,0.111,0.0,0.889,22
nytimes,Tue Aug 14 04:42:08 +0000 2018,Why Turkey‚Äôs financial crisis matters outside Turkey https://t.co/5k7SqWkDpJ,-0.6124,0.098,0.366,0.536,21
nytimes,Tue Aug 14 04:29:44 +0000 2018,Those Long Security Lines at Airports? They May Move Quicker Soon https://t.co/FgHgyxknmX,0.34,0.179,0.0,0.821,20
nytimes,Tue Aug 14 04:22:05 +0000 2018,"RT @nytpolitics: If President Trump had wanted to make a gracious mention of John McCain, he could have done it when he signed the $716 bil‚Ä¶",0.5574,0.13,0.0,0.87,19
nytimes,Tue Aug 14 04:02:05 +0000 2018,There are currently 62 highly competitive seats in the House in the 2018 midterm elections. These are the races to‚Ä¶ https://t.co/cCDqdJhQDa,0.2484,0.091,0.0,0.909,18
nytimes,Tue Aug 14 03:51:03 +0000 2018,"RT @NYTNational: Manslaughter charges filed Monday in the Florida ""Stand Your Ground"" case emphasize that the victim was backing up and tur‚Ä¶",-0.4767,0.045,0.173,0.782,17
nytimes,Tue Aug 14 03:42:04 +0000 2018,Stephen Miller‚Äôs uncle calls him a hypocrite in an online essay https://t.co/rHMQOw8nls,0.0,0.0,0.0,1.0,16
nytimes,Tue Aug 14 03:32:03 +0000 2018,The Department of Homeland Security is offering a $1.8 million grant to create a program called School-Age Trauma T‚Ä¶ https://t.co/Xjx6CAy68c,0.4939,0.294,0.118,0.588,15
nytimes,Tue Aug 14 03:17:04 +0000 2018,RT @zoegberg: My latest: A superstar female professor at NYU was found responsible for sexually harassing a male graduate student. The case‚Ä¶,-0.296,0.097,0.147,0.756,14
nytimes,Tue Aug 14 03:02:03 +0000 2018,"Fires are racing out of the control in the West. In a Montana laboratory, scientists are learning why. https://t.co/SYFDWL0s6A",0.0,0.0,0.0,1.0,13
nytimes,Tue Aug 14 02:47:03 +0000 2018,"TSA is testing machines that can more thoroughly scan what‚Äôs in carry-on bags, so there would be less need to searc‚Ä¶ https://t.co/SsbpmojuKl",0.0,0.0,0.0,1.0,12
nytimes,Tue Aug 14 02:32:03 +0000 2018,Supreme found a new spot for its latest drop: front and center of the New York Post https://t.co/DtMUyRhRke,0.3612,0.174,0.101,0.725,11
nytimes,Tue Aug 14 02:17:02 +0000 2018,"RT @nytimesarts: A gun rights activist was filmed for Sacha Baron Cohen‚Äôs ""Who Is America?"" in a segment involving a sex toy. He had no ide‚Ä¶",-0.5574,0.0,0.18,0.82,10
nytimes,Tue Aug 14 02:02:06 +0000 2018,How the microbiologist Carl Woese fundamentally changed the way we think about evolution and the origins of life https://t.co/SPLFcORrsk,0.0,0.0,0.0,1.0,9
nytimes,Tue Aug 14 01:47:06 +0000 2018,Bankruptcy rates are booming among older Americans. These books explain what happened and how to tackle the Social‚Ä¶ https://t.co/gTQeDIxcoc,0.0,0.0,0.0,1.0,8
nytimes,Tue Aug 14 01:32:05 +0000 2018,Elon Musk's cryptic tweet about taking Tesla private was said to have been dashed off in haste. It even blindsided‚Ä¶ https://t.co/FVRp4CzF6l,0.0,0.0,0.0,1.0,7
nytimes,Tue Aug 14 01:17:06 +0000 2018,"RT @nytopinion: Omarosa may be an unreliable narrator, but her book is still the best account we have of what the Trump cult looks like fro‚Ä¶",0.8765,0.274,0.0,0.726,6
nytimes,Tue Aug 14 01:02:07 +0000 2018,Evening Briefing: Here's what you need to know at the end of the day https://t.co/Gjgn9vXxtV,0.0,0.0,0.0,1.0,5
nytimes,Tue Aug 14 00:47:06 +0000 2018,"Andie MacDowell: ""I‚Äôve never wanted to sell myself. All I ever wanted was for someone to take me seriously."" https://t.co/fcSdKAl6AW",0.0,0.0,0.0,1.0,4
nytimes,Tue Aug 14 00:32:03 +0000 2018,"‚ÄúChurch bells belong in churches calling the faithful to worship, not as trophies of war,‚Äù says a retired U.S. Navy‚Ä¶ https://t.co/m0SU6TJWtI",0.6249,0.221,0.0,0.779,3
nytimes,Tue Aug 14 00:17:05 +0000 2018,"RT @StacyCowley: When I started digging around on bank security measures, this is the one that made me stop and go ""wait you're doing WHAT!‚Ä¶",0.126,0.1,0.082,0.818,2
nytimes,Tue Aug 14 00:02:06 +0000 2018,"By surveying changes in DNA at 6.6 million places, scientists have found a way to forecast risks for 5 deadly disea‚Ä¶ https://t.co/ygCZoG8RKJ",-0.2732,0.0,0.1,0.9,1
